transaction_id,product_id,quantity,unit_price,discount
TRX000001,P0011,2,4000,0
TRX000001,P0073,1,15500,0
TRX000001,P0075,2,11500,0
TRX000002,P0077,1,23000,0
TRX000002,P0024,1,12500,0
TRX000002,P0014,1,21500,0
TRX000002,P0003,1,19000,0
TRX000003,P0020,4,9000,0
TRX000003,P0023,1,16000,0
TRX000003,P0001,1,3500,0
TRX000003,P0019,1,24500,0
TRX000004,P0009,2,23500,0
TRX000004,P0023,1,16000,0
TRX000004,P0016,1,18500,0
TRX000005,P0038,1,9000,0
TRX000005,P0012,2,6500,0
TRX000005,P0068,1,71000,0
TRX000005,P0008,1,13000,1500
TRX000005,P0033,1,21500,0
TRX000005,P0047,1,221500,0
TRX000005,P0037,1,29000,0
TRX000005,P0071,1,12500,500
TRX000006,P0004,1,28500,0
TRX000006,P0018,1,9500,0
TRX000006,P0026,1,35000,0
TRX000006,P0020,1,9000,0
TRX000007,P0020,2,8500,0
TRX000008,P0070,1,15500,0
TRX000008,P0012,2,6500,0
TRX000008,P0015,1,33000,0
TRX000009,P0017,3,7500,0
TRX000009,P0006,1,16500,0
TRX000010,P0039,1,28000,0
TRX000010,P0006,1,17000,0
TRX000010,P0001,3,3500,0
TRX000011,P0072,3,18500,0
TRX000011,P0073,1,15500,0
TRX000011,P0046,2,67000,0
TRX000011,P0011,1,4000,0
TRX000011,P0067,1,28000,0
TRX000012,P0042,1,99000,0
TRX000012,P0013,2,29000,0
TRX000012,P0033,1,21000,0
TRX000012,P0024,1,12000,0
TRX000012,P0073,2,15000,0
TRX000013,P0016,1,18500,0
TRX000013,P0060,1,26000,0
TRX000013,P0011,1,4000,0
TRX000013,P0030,1,9500,500
TRX000014,P0020,2,9000,0
TRX000014,P0073,1,15500,0
TRX000014,P0005,3,20000,0
TRX000014,P0003,1,19000,0
TRX000014,P0009,1,24000,0
TRX000015,P0080,1,14500,0
TRX000015,P0001,2,3500,0
TRX000015,P0011,1,4000,0
TRX000016,P0006,1,16500,2500
TRX000016,P0014,2,21000,0
TRX000016,P0007,1,14000,0
TRX000016,P0023,1,15500,0
TRX000016,P0057,1,86000,0
TRX000016,P0076,1,16000,0
TRX000016,P0032,1,23500,0
TRX000016,P0020,2,8500,0
TRX000017,P0036,1,31500,0
TRX000017,P0073,2,15000,0
TRX000017,P0028,2,18000,0
TRX000017,P0026,1,34500,0
TRX000017,P0009,1,23000,0
TRX000018,P0016,1,18000,2500
TRX000019,P0006,1,16500,0
TRX000019,P0012,1,6500,0
TRX000020,P0012,2,6500,0
TRX000020,P0043,1,187000,0
TRX000020,P0022,1,6500,0
TRX000020,P0021,1,28000,3000
TRX000020,P0005,2,19500,0
TRX000020,P0076,1,16000,0
TRX000021,P0002,1,74000,7500
TRX000021,P0023,1,16000,0
TRX000021,P0003,1,19000,1000
TRX000022,P0026,1,34500,1500
TRX000022,P0052,1,130500,0
TRX000022,P0070,1,15000,0
TRX000022,P0003,1,18500,0
TRX000022,P0017,4,7500,0
TRX000022,P0059,2,59500,0
TRX000023,P0004,2,28000,0
TRX000023,P0033,2,21500,6500
TRX000023,P0068,1,70500,3500
TRX000023,P0003,2,19000,0
TRX000023,P0007,1,14500,0
TRX000023,P0016,1,18500,0
TRX000023,P0006,1,17000,0
TRX000023,P0049,2,36000,0
TRX000024,P0013,2,29000,0
TRX000025,P0008,1,12500,0
TRX000025,P0034,1,16000,2500
TRX000025,P0062,2,78000,0
TRX000025,P0023,1,15500,0
TRX000025,P0012,3,6500,0
TRX000025,P0071,1,12000,0
TRX000026,P0080,1,14500,0
TRX000026,P0043,1,185000,18500
TRX000026,P0002,1,72000,0
TRX000027,P0020,1,9000,0
TRX000027,P0006,1,17000,1000
TRX000027,P0004,2,28500,8500
TRX000027,P0030,2,9500,0
TRX000028,P0056,1,49500,0
TRX000028,P0021,1,28500,4500
TRX000028,P0020,2,9000,0
TRX000028,P0022,2,6500,0
TRX000028,P0073,3,15500,0
TRX000028,P0017,1,7500,500
TRX000029,P0023,1,16000,0
TRX000029,P0039,1,27500,1500
TRX000029,P0078,1,18000,0
TRX000029,P0030,2,9000,0
TRX000030,P0020,1,8500,0
TRX000030,P0021,1,27500,0
TRX000031,P0009,3,23000,0
TRX000031,P0055,1,55000,0
TRX000032,P0027,2,25500,0
TRX000032,P0002,4,74000,0
TRX000033,P0021,1,28000,0
TRX000033,P0022,2,6500,500
TRX000034,P0045,1,180000,0
TRX000034,P0043,1,190500,0
TRX000035,P0015,1,33000,0
TRX000035,P0065,1,25000,0
TRX000035,P0013,1,29500,0
TRX000036,P0043,1,185000,0
TRX000036,P0021,2,27500,0
TRX000036,P0007,1,14000,0
TRX000036,P0039,2,27000,0
TRX000036,P0077,1,22000,0
TRX000037,P0009,1,23500,1000
TRX000037,P0043,1,189500,0
TRX000037,P0003,2,19000,0
TRX000038,P0075,1,11500,0
TRX000038,P0057,1,88000,0
TRX000038,P0040,1,25000,0
TRX000039,P0020,1,9000,0
TRX000039,P0050,2,77000,0
TRX000040,P0045,1,180000,0
TRX000040,P0018,2,9500,0
TRX000041,P0036,1,31000,4500
TRX000041,P0031,1,18500,0
TRX000041,P0006,1,16500,1500
TRX000042,P0019,1,24500,0
TRX000042,P0055,1,56500,8500
TRX000042,P0073,2,15500,1500
TRX000042,P0052,1,132000,0
TRX000042,P0060,1,25500,2500
TRX000042,P0030,1,9000,0
TRX000042,P0042,1,100500,0
TRX000043,P0050,1,75000,0
TRX000043,P0030,1,9000,1000
TRX000043,P0005,2,19500,0
TRX000043,P0053,2,45000,13500
TRX000043,P0060,1,25000,0
TRX000044,P0001,1,3500,0
TRX000044,P0019,2,24500,0
TRX000044,P0030,1,9500,0
TRX000044,P0006,3,17000,0
TRX000044,P0057,1,87500,0
TRX000045,P0009,1,23500,1000
TRX000045,P0017,3,7500,0
TRX000045,P0057,1,87000,4500
TRX000046,P0017,2,7500,0
TRX000046,P0019,1,24500,0
TRX000046,P0026,2,35000,7000
TRX000046,P0057,1,87000,0
TRX000046,P0014,2,21500,0
TRX000046,P0030,4,9000,0
TRX000046,P0064,2,22500,0
TRX000047,P0051,2,79000,23500
TRX000047,P0064,1,22000,0
TRX000047,P0054,1,65000,0
TRX000047,P0071,2,12000,3500
TRX000047,P0035,2,14500,1500
TRX000047,P0063,1,18500,0
TRX000048,P0080,2,15000,1500
TRX000049,P0069,1,32500,0
TRX000050,P0027,1,26000,0
TRX000050,P0047,1,221500,0
TRX000050,P0011,1,4000,0
TRX000051,P0012,1,6500,0
TRX000051,P0005,3,20000,0
TRX000051,P0015,1,33000,3500
TRX000051,P0031,1,19000,0
TRX000051,P0060,1,26000,0
TRX000052,P0030,1,9500,0
TRX000052,P0007,1,14500,0
TRX000052,P0001,2,3500,0
TRX000053,P0037,1,28000,0
TRX000053,P0025,1,29500,4500
TRX000053,P0047,1,215000,0
TRX000053,P0013,2,28500,3000
TRX000054,P0027,1,25500,0
TRX000054,P0048,1,91000,0
TRX000054,P0038,1,8500,0
TRX000054,P0002,3,74000,0
TRX000054,P0068,1,70500,0
TRX000055,P0008,3,12500,4000
TRX000055,P0020,2,8500,1500
TRX000055,P0061,2,52000,0
TRX000055,P0022,2,6500,0
TRX000056,P0064,1,22000,0
TRX000056,P0024,1,12000,0
TRX000057,P0037,1,28000,0
TRX000057,P0008,3,12500,0
TRX000057,P0049,1,35000,0
TRX000057,P0019,3,24000,0
TRX000058,P0007,1,14500,0
TRX000058,P0022,2,6500,0
TRX000059,P0037,1,28000,0
TRX000059,P0019,1,24000,0
TRX000060,P0022,1,6500,0
TRX000060,P0021,1,28500,0
TRX000060,P0003,2,19000,0
TRX000060,P0012,4,6500,0
TRX000060,P0056,1,49500,0
TRX000061,P0007,2,14500,0
TRX000061,P0017,1,7500,0
TRX000061,P0056,1,49500,0
TRX000061,P0013,2,29500,0
TRX000062,P0069,1,33000,0
TRX000063,P0021,1,28000,1500
TRX000063,P0076,4,16500,6500
TRX000063,P0026,2,35000,0
TRX000063,P0065,1,24500,0
TRX000063,P0039,1,27500,0
TRX000064,P0015,1,32000,0
TRX000064,P0074,4,7000,0
TRX000064,P0002,1,72000,0
TRX000064,P0027,4,25000,0
TRX000064,P0051,1,79000,0
TRX000064,P0040,1,24000,0
TRX000065,P0035,1,15000,0
TRX000065,P0018,1,9500,0
TRX000066,P0002,3,72000,0
TRX000066,P0073,1,15000,0
TRX000066,P0063,3,18500,0
TRX000067,P0001,1,3500,0
TRX000067,P0011,2,4000,1000
TRX000067,P0023,2,15500,0
TRX000067,P0028,3,18000,5500
TRX000067,P0003,1,18500,0
TRX000067,P0007,1,14000,0
TRX000067,P0017,3,7500,0
TRX000068,P0050,1,77000,7500
TRX000068,P0027,2,26000,5000
TRX000068,P0056,1,49500,0
TRX000068,P0020,1,9000,0
TRX000069,P0024,1,12000,0
TRX000069,P0037,1,28500,0
TRX000069,P0030,3,9000,0
TRX000069,P0009,4,23000,0
TRX000069,P0023,1,15500,0
TRX000069,P0045,1,177000,9000
TRX000070,P0052,1,132000,0
TRX000070,P0030,5,9000,7000
TRX000070,P0017,1,7500,0
TRX000070,P0070,1,15500,2500
TRX000070,P0002,3,74000,0
TRX000071,P0007,1,14500,0
TRX000071,P0032,1,24000,0
TRX000071,P0004,2,28500,0
TRX000072,P0052,1,129000,0
TRX000073,P0064,1,22000,0
TRX000073,P0020,3,8500,0
TRX000073,P0075,1,11000,1000
TRX000073,P0009,1,23000,0
TRX000073,P0007,1,14000,0
TRX000073,P0054,2,65000,0
TRX000073,P0036,1,31000,0
TRX000073,P0060,2,25000,0
TRX000074,P0009,2,23000,0
TRX000074,P0044,1,125000,0
TRX000074,P0025,1,29500,0
TRX000074,P0028,1,18000,0
TRX000074,P0080,4,14500,0
TRX000074,P0037,1,28000,0
TRX000074,P0075,2,11000,0
TRX000075,P0062,1,80500,8000
TRX000075,P0025,1,30500,0
TRX000075,P0035,1,15000,0
TRX000075,P0054,1,67500,3500
TRX000076,P0011,1,4000,0
TRX000076,P0013,2,29000,0
TRX000076,P0022,3,6500,2000
TRX000076,P0007,3,14500,0
TRX000077,P0078,4,18000,0
TRX000077,P0012,3,6500,0
TRX000077,P0006,1,17000,1000
TRX000077,P0003,2,19000,4000
TRX000078,P0030,1,9500,0
TRX000079,P0026,1,34500,0
TRX000079,P0034,1,16000,0
TRX000079,P0016,1,18000,0
TRX000079,P0078,2,17500,3500
TRX000079,P0056,1,48500,0
TRX000080,P0072,1,18000,0
TRX000080,P0010,1,42000,0
TRX000080,P0051,1,79000,0
TRX000080,P0032,1,23500,0
TRX000080,P0006,1,16500,1500
TRX000080,P0065,1,24000,0
TRX000080,P0071,1,12000,0
TRX000081,P0027,1,25500,4000
TRX000081,P0019,1,24500,3500
TRX000081,P0020,4,8500,5000
TRX000081,P0012,1,6500,500
TRX000082,P0052,2,129000,0
TRX000082,P0038,2,8500,0
TRX000082,P0015,1,32000,0
TRX000082,P0043,1,185000,0
TRX000083,P0003,1,19000,0
TRX000083,P0009,1,23500,0
TRX000083,P0014,2,21500,0
TRX000083,P0048,1,91000,0
TRX000083,P0008,5,13000,0
TRX000083,P0002,1,74000,0
TRX000084,P0051,1,81000,0
TRX000084,P0058,1,74000,0
TRX000084,P0009,1,23500,0
TRX000085,P0007,1,14000,500
TRX000085,P0024,1,12000,500
TRX000085,P0075,4,11000,0
TRX000085,P0004,1,28000,0
TRX000086,P0027,2,26000,8000
TRX000086,P0078,1,18000,0
TRX000086,P0011,1,4000,0
TRX000086,P0014,2,21500,0
TRX000086,P0034,1,16500,0
TRX000086,P0020,1,9000,1000
TRX000086,P0003,4,19000,0
TRX000086,P0056,1,49500,0
TRX000087,P0069,1,32000,0
TRX000087,P0079,2,8500,0
TRX000088,P0076,1,16500,1000
TRX000088,P0015,1,33000,0
TRX000088,P0019,2,25000,2500
TRX000089,P0014,1,21500,0
TRX000089,P0070,1,15500,0
TRX000089,P0046,2,67500,0
TRX000089,P0071,1,12500,0
TRX000089,P0003,1,19000,0
TRX000090,P0009,1,23000,1000
TRX000090,P0028,1,18000,0
TRX000090,P0058,3,72500,0
TRX000090,P0035,1,14500,2000
TRX000090,P0017,1,7500,0
TRX000090,P0012,1,6500,0
TRX000091,P0057,1,86000,0
TRX000091,P0033,1,21000,0
TRX000091,P0011,1,4000,0
TRX000091,P0030,1,9000,0
TRX000092,P0026,2,34500,0
TRX000092,P0041,1,45500,0
TRX000092,P0020,1,8500,500
TRX000093,P0009,2,23500,4500
TRX000093,P0031,1,19000,0
TRX000093,P0074,2,7000,0
TRX000093,P0069,1,33000,5000
TRX000093,P0003,1,19000,0
TRX000093,P0023,1,16000,0
TRX000094,P0035,1,14500,0
TRX000094,P0061,1,52000,0
TRX000094,P0002,1,72000,0
TRX000094,P0028,1,18000,2500
TRX000094,P0070,2,15000,0
TRX000095,P0034,1,16500,0
TRX000095,P0010,4,43500,0
TRX000095,P0004,1,28500,0
TRX000096,P0005,1,19500,0
TRX000097,P0055,1,56500,0
TRX000097,P0076,1,16500,0
TRX000097,P0036,1,32000,0
TRX000097,P0067,1,27500,0
TRX000097,P0022,1,6500,0
TRX000098,P0014,1,21500,0
TRX000098,P0017,1,8000,0
TRX000098,P0039,1,28000,0
TRX000098,P0060,1,26000,0
TRX000098,P0002,1,74500,0
TRX000098,P0051,1,82000,0
TRX000099,P0006,2,17000,0
TRX000099,P0025,3,30000,0
TRX000099,P0002,4,74000,0
TRX000099,P0027,1,25500,0
TRX000099,P0073,3,15500,0
TRX000100,P0071,1,12000,0
TRX000100,P0007,1,14000,0
TRX000101,P0032,1,24000,1000
TRX000101,P0002,4,74000,0
TRX000101,P0021,1,28500,0
TRX000102,P0014,1,21500,0
TRX000102,P0065,1,24500,0
TRX000102,P0006,4,17000,0
TRX000102,P0046,1,66500,6500
TRX000102,P0060,1,25500,0
TRX000102,P0073,2,15500,0
TRX000103,P0033,2,21000,0
TRX000104,P0014,3,21000,0
TRX000104,P0068,2,69500,0
TRX000104,P0049,1,35500,0
TRX000104,P0038,1,8500,0
TRX000105,P0072,1,18500,0
TRX000105,P0043,2,190500,0
TRX000105,P0010,4,43500,0
TRX000105,P0019,2,24500,0
TRX000105,P0020,1,9000,0
TRX000106,P0015,4,32500,6500
TRX000106,P0009,1,23000,0
TRX000106,P0004,1,28000,0
TRX000106,P0022,1,6500,0
TRX000106,P0021,3,28000,0
TRX000106,P0016,2,18000,3500
TRX000106,P0026,3,34500,0
TRX000106,P0019,1,24000,0
TRX000107,P0031,1,19000,2000
TRX000107,P0007,2,14500,0
TRX000107,P0020,3,8500,0
TRX000107,P0010,1,43000,0
TRX000107,P0057,1,87000,13000
TRX000107,P0055,1,56500,0
TRX000108,P0012,1,6500,500
TRX000108,P0002,4,74000,0
TRX000108,P0015,1,33000,0
TRX000109,P0001,1,3500,0
TRX000109,P0011,3,4000,0
TRX000109,P0003,3,19000,0
TRX000109,P0028,2,18500,0
TRX000109,P0043,1,191500,0
TRX000110,P0012,1,6500,500
TRX000110,P0065,1,24000,0
TRX000110,P0040,1,24000,0
TRX000110,P0039,3,27500,0
TRX000110,P0020,1,8500,0
TRX000111,P0005,1,19500,0
TRX000111,P0035,1,14500,0
TRX000111,P0010,1,42000,0
TRX000111,P0030,3,9000,0
TRX000111,P0019,2,24000,0
TRX000112,P0011,3,4000,2000
TRX000112,P0068,1,69500,7000
TRX000112,P0012,2,6500,0
TRX000112,P0010,1,42500,0
TRX000112,P0067,1,27500,1500
TRX000113,P0034,1,16000,2500
TRX000113,P0017,1,7500,0
TRX000113,P0015,1,32500,0
TRX000113,P0073,1,15000,0
TRX000113,P0057,1,86000,0
TRX000113,P0012,1,6500,0
TRX000114,P0056,2,48500,14500
TRX000114,P0015,2,32500,0
TRX000114,P0065,1,24000,0
TRX000114,P0018,2,9000,2500
TRX000114,P0008,2,12500,0
TRX000114,P0069,1,32500,5000
TRX000115,P0046,3,67500,0
TRX000115,P0017,2,8000,0
TRX000116,P0014,2,21500,0
TRX000116,P0009,1,23500,2500
TRX000116,P0016,2,18500,2000
TRX000116,P0071,1,12500,0
TRX000116,P0011,1,4000,500
TRX000117,P0026,2,34500,0
TRX000117,P0041,1,45500,0
TRX000117,P0040,1,24000,0
TRX000117,P0034,1,16000,0
TRX000118,P0063,1,18500,2000
TRX000118,P0028,1,18000,0
TRX000118,P0078,3,17500,0
TRX000118,P0040,3,24000,0
TRX000118,P0012,1,6500,0
TRX000118,P0017,2,7500,0
TRX000118,P0018,2,9000,2000
TRX000118,P0024,1,12000,0
TRX000119,P0067,1,27000,0
TRX000119,P0032,1,23500,0
TRX000119,P0015,1,32000,0
TRX000120,P0020,2,8500,0
TRX000120,P0009,1,23000,0
TRX000120,P0045,1,177000,0
TRX000120,P0066,2,36500,0
TRX000120,P0074,1,7000,500
TRX000121,P0034,1,16000,0
TRX000121,P0037,1,28500,0
TRX000121,P0003,1,18500,0
TRX000121,P0068,1,69500,0
TRX000122,P0073,2,15000,0
TRX000123,P0003,3,18500,0
TRX000123,P0071,2,12000,1000
TRX000123,P0042,1,98000,0
TRX000124,P0004,1,28500,0
TRX000124,P0076,1,16500,0
TRX000124,P0042,1,101500,5000
TRX000124,P0040,3,25000,0
TRX000124,P0005,1,20000,2000
TRX000124,P0027,1,26000,2500
TRX000124,P0017,1,8000,0
TRX000125,P0055,1,56500,0
TRX000125,P0008,1,13000,0
TRX000125,P0011,1,4000,0
TRX000125,P0001,1,3500,0
TRX000126,P0039,1,27000,1500
TRX000126,P0007,4,14000,0
TRX000126,P0004,3,27500,0
TRX000126,P0026,5,34000,0
TRX000126,P0006,1,16500,0
TRX000127,P0067,1,28000,0
TRX000127,P0005,1,20000,0
TRX000127,P0003,1,19000,0
TRX000128,P0040,1,24500,3500
TRX000129,P0027,1,25000,4000
TRX000129,P0039,2,27500,3000
TRX000129,P0012,2,6500,0
TRX000129,P0054,2,65500,0
TRX000129,P0004,1,28000,0
TRX000130,P0018,2,9000,0
TRX000130,P0020,1,8500,0
TRX000130,P0003,1,18500,0
TRX000131,P0050,1,75000,0
TRX000131,P0080,3,14500,6500
TRX000131,P0018,4,9000,0
TRX000131,P0040,1,24000,0
TRX000131,P0014,1,21000,0
TRX000131,P0003,1,18500,0
TRX000131,P0033,1,21000,0
TRX000132,P0022,2,6500,0
TRX000132,P0021,1,28500,0
TRX000132,P0032,2,24500,0
TRX000132,P0053,1,46500,0
TRX000132,P0027,1,26000,0
TRX000133,P0039,2,27500,0
TRX000133,P0064,1,22000,0
TRX000133,P0055,3,55500,16500
TRX000134,P0038,1,8500,0
TRX000135,P0031,1,19000,0
TRX000135,P0011,3,4000,0
TRX000135,P0065,1,24500,0
TRX000136,P0049,1,36000,3500
TRX000136,P0025,2,30500,6000
TRX000136,P0052,2,133500,0
TRX000136,P0031,1,19000,1000
TRX000136,P0032,2,24500,0
TRX000137,P0067,2,27500,0
TRX000137,P0029,1,21500,0
TRX000137,P0005,1,19500,0
TRX000137,P0060,1,25000,0
TRX000137,P0009,1,23000,0
TRX000137,P0015,4,32500,0
TRX000137,P0050,1,76000,0
TRX000138,P0053,2,46500,0
TRX000138,P0040,1,24500,0
TRX000138,P0002,1,74000,0
TRX000139,P0007,4,14000,0
TRX000139,P0013,2,28500,0
TRX000139,P0018,1,9000,0
TRX000139,P0057,1,85000,0
TRX000139,P0006,1,16500,0
TRX000140,P0042,2,99000,0
TRX000140,P0022,1,6500,0
TRX000140,P0012,2,6500,1500
TRX000140,P0014,1,21000,0
TRX000140,P0056,1,48500,0
TRX000141,P0038,1,9000,0
TRX000142,P0002,3,72500,11000
TRX000142,P0018,1,9000,0
TRX000142,P0011,1,4000,0
TRX000143,P0016,1,18500,0
TRX000143,P0050,1,77000,0
TRX000143,P0031,1,19000,3000
TRX000143,P0009,1,23500,0
TRX000143,P0075,2,11500,0
TRX000144,P0072,1,18000,0
TRX000144,P0001,1,3500,0
TRX000145,P0051,1,81000,0
TRX000145,P0057,2,87000,0
TRX000145,P0071,1,12500,0
TRX000146,P0034,1,16500,0
TRX000146,P0056,1,49000,0
TRX000146,P0038,1,8500,0
TRX000146,P0018,1,9000,0
TRX000146,P0012,3,6500,0
TRX000146,P0003,2,19000,4000
TRX000146,P0070,2,15500,0
TRX000147,P0070,1,15000,2000
TRX000147,P0015,1,32500,5000
TRX000147,P0023,1,15500,0
TRX000147,P0047,1,217000,21500
TRX000147,P0027,2,25000,7500
TRX000147,P0057,1,86000,0
TRX000147,P0013,1,29000,0
TRX000147,P0067,1,27500,3000
TRX000148,P0027,1,25500,0
TRX000148,P0058,1,74000,0
TRX000148,P0017,1,7500,0
TRX000149,P0005,1,20000,0
TRX000149,P0002,1,74500,0
TRX000149,P0067,1,28000,0
TRX000149,P0003,1,19000,0
TRX000149,P0073,1,15500,0
TRX000149,P0021,1,28500,0
TRX000149,P0078,2,18000,0
TRX000150,P0012,2,6500,0
TRX000150,P0015,3,32000,5000
TRX000150,P0017,1,7500,0
TRX000150,P0038,1,8500,500
TRX000151,P0041,1,46500,0
TRX000152,P0015,1,32000,0
TRX000152,P0004,3,27500,0
TRX000152,P0075,2,11000,0
TRX000153,P0026,1,35000,0
TRX000153,P0009,2,24000,0
TRX000153,P0002,1,74500,0
TRX000153,P0029,1,22500,0
TRX000154,P0001,3,3500,0
TRX000154,P0011,2,4000,0
TRX000155,P0011,3,4000,1000
TRX000155,P0014,1,21000,0
TRX000156,P0017,5,7500,0
TRX000156,P0038,1,8500,0
TRX000156,P0036,1,32000,3000
TRX000156,P0015,1,33000,0
TRX000157,P0012,5,6500,0
TRX000157,P0041,1,45500,0
TRX000157,P0026,2,34500,0
TRX000157,P0061,1,52500,8000
TRX000157,P0040,1,24000,0
TRX000158,P0080,1,15000,0
TRX000158,P0002,2,74000,0
TRX000158,P0009,3,23500,0
TRX000158,P0015,1,33000,0
TRX000159,P0033,1,21000,0
TRX000159,P0072,1,18000,2000
TRX000159,P0056,1,48000,2500
TRX000159,P0013,1,28500,1500
TRX000160,P0040,1,25000,0
TRX000160,P0076,1,16500,0
TRX000160,P0005,1,20000,0
TRX000160,P0014,1,21500,0
TRX000160,P0017,1,8000,0
TRX000160,P0037,1,29000,0
TRX000160,P0024,4,12500,0
TRX000161,P0009,1,23000,2500
TRX000161,P0012,1,6500,500
TRX000161,P0023,1,15500,0
TRX000161,P0076,1,16000,1000
TRX000161,P0006,1,16500,0
TRX000162,P0015,1,32000,0
TRX000162,P0037,1,28000,0
TRX000162,P0063,1,18500,2000
TRX000163,P0003,2,18500,0
TRX000163,P0022,1,6500,0
TRX000163,P0011,1,4000,0
TRX000164,P0013,1,28500,0
TRX000164,P0009,4,23000,0
TRX000164,P0050,1,75000,0
TRX000165,P0022,1,6500,0
TRX000165,P0044,1,125000,6000
TRX000165,P0067,2,27000,0
TRX000165,P0061,1,52000,5000
TRX000166,P0021,2,27500,0
TRX000166,P0022,1,6500,0
TRX000166,P0040,1,24000,1000
TRX000167,P0040,1,24000,0
TRX000167,P0011,2,4000,0
TRX000167,P0006,2,16500,0
TRX000167,P0009,3,23000,0
TRX000168,P0029,2,22000,0
TRX000168,P0049,1,36000,5500
TRX000168,P0001,1,3500,0
TRX000168,P0011,2,4000,0
TRX000168,P0034,2,16500,0
TRX000168,P0032,1,24000,0
TRX000169,P0041,2,46500,0
TRX000169,P0020,1,9000,0
TRX000170,P0008,1,13000,0
TRX000170,P0003,2,19000,0
TRX000170,P0057,1,87000,0
TRX000171,P0007,1,14000,1500
TRX000171,P0040,1,24000,0
TRX000171,P0016,4,18000,0
TRX000172,P0060,1,25000,0
TRX000172,P0079,1,8500,0
TRX000172,P0054,1,65000,6500
TRX000172,P0034,1,16000,0
TRX000172,P0002,1,72000,0
TRX000173,P0014,1,21500,0
TRX000173,P0017,1,7500,0
TRX000173,P0052,1,133000,0
TRX000173,P0008,2,13000,0
TRX000173,P0012,3,6500,0
TRX000173,P0009,4,23500,0
TRX000174,P0049,1,36000,0
TRX000174,P0008,1,13000,0
TRX000174,P0026,2,35000,0
TRX000174,P0068,1,71500,0
TRX000174,P0016,1,18500,0
TRX000175,P0011,2,4000,0
TRX000175,P0045,1,180000,0
TRX000175,P0031,2,19000,4000
TRX000175,P0014,5,21500,0
TRX000175,P0013,1,29500,0
TRX000175,P0007,2,14500,0
TRX000176,P0048,1,91500,9000
TRX000177,P0009,2,23500,0
TRX000177,P0078,2,18000,0
TRX000177,P0003,3,19000,0
TRX000178,P0022,1,6500,0
TRX000178,P0054,1,67500,0
TRX000179,P0027,2,26000,0
TRX000179,P0028,2,18500,0
TRX000180,P0006,2,16500,0
TRX000180,P0025,1,30000,0
TRX000180,P0024,1,12000,0
TRX000180,P0040,1,24000,0
TRX000180,P0010,2,42500,0
TRX000180,P0014,1,21000,1000
TRX000180,P0008,1,12500,0
TRX000181,P0012,2,6500,0
TRX000181,P0024,2,12500,0
TRX000181,P0005,1,20000,0
TRX000181,P0033,1,21500,0
TRX000181,P0043,1,189500,0
TRX000181,P0031,2,19000,5500
TRX000182,P0025,1,30500,0
TRX000182,P0028,1,18500,0
TRX000182,P0055,1,56500,0
TRX000182,P0052,2,133000,0
TRX000183,P0003,1,19000,0
TRX000183,P0026,1,35000,5000
TRX000184,P0046,1,65000,0
TRX000185,P0025,3,30500,0
TRX000185,P0027,1,26000,0
TRX000185,P0069,1,33000,0
TRX000185,P0004,1,28500,0
TRX000185,P0020,1,9000,0
TRX000185,P0033,2,21500,0
TRX000185,P0055,3,57000,17000
TRX000185,P0010,2,43500,0
TRX000186,P0038,2,8500,0
TRX000186,P0057,1,87000,0
TRX000186,P0007,2,14500,0
TRX000186,P0055,2,56500,0
TRX000187,P0033,2,21500,0
TRX000187,P0019,2,24500,0
TRX000187,P0015,1,33000,0
TRX000187,P0003,2,19000,5500
TRX000187,P0077,2,22500,0
TRX000187,P0070,1,15500,0
TRX000188,P0012,1,6500,0
TRX000188,P0070,2,15000,0
TRX000188,P0029,4,21500,0
TRX000188,P0058,1,72000,0
TRX000188,P0026,2,34000,0
TRX000189,P0019,1,24000,0
TRX000189,P0024,1,12000,0
TRX000189,P0020,1,8500,0
TRX000189,P0011,1,4000,0
TRX000189,P0001,1,3500,500
TRX000190,P0018,1,9500,1500
TRX000190,P0036,1,32000,0
TRX000190,P0009,2,23500,0
TRX000190,P0027,1,26000,0
TRX000190,P0007,1,14500,0
TRX000190,P0003,1,19000,3000
TRX000190,P0040,1,24500,0
TRX000191,P0073,5,15000,0
TRX000191,P0036,1,31000,0
TRX000191,P0005,2,19500,0
TRX000191,P0002,2,72000,14500
TRX000192,P0045,1,175000,0
TRX000192,P0012,1,6500,500
TRX000192,P0020,1,8500,1500
TRX000192,P0019,1,24000,0
TRX000193,P0061,1,52000,2500
TRX000193,P0019,1,24000,0
TRX000193,P0034,1,16000,0
TRX000193,P0076,1,16000,0
TRX000194,P0008,1,13000,0
TRX000194,P0019,1,24500,0
TRX000194,P0034,2,16500,0
TRX000194,P0058,1,74000,0
TRX000195,P0022,1,6500,0
TRX000195,P0021,1,27500,3000
TRX000195,P0060,1,25000,4000
TRX000196,P0007,1,14500,0
TRX000196,P0052,1,133000,0
TRX000196,P0043,1,190500,0
TRX000196,P0028,1,18500,0
TRX000196,P0003,3,19000,5500
TRX000196,P0031,1,19000,0
TRX000196,P0016,1,18500,0
TRX000197,P0079,1,8500,0
TRX000197,P0003,5,18500,0
TRX000197,P0066,1,36000,0
TRX000198,P0017,2,7500,0
TRX000198,P0035,1,15000,0
TRX000198,P0078,2,18000,0
TRX000198,P0009,2,23500,0
TRX000198,P0002,4,74000,0
TRX000198,P0005,2,20000,0
TRX000198,P0080,2,15000,0
TRX000198,P0038,1,9000,500
TRX000199,P0015,2,33000,6500
TRX000199,P0046,1,66500,0
TRX000199,P0010,2,43000,0
TRX000200,P0004,2,28500,3000
TRX000200,P0035,1,15000,0
TRX000200,P0062,1,80500,0
TRX000200,P0048,1,92000,0
TRX000200,P0003,2,19000,0
TRX000200,P0012,4,6500,0
TRX000201,P0031,1,18500,0
TRX000201,P0062,1,78000,0
TRX000201,P0035,1,14500,0
TRX000202,P0057,1,87500,0
TRX000202,P0021,4,28500,0
TRX000202,P0007,5,14500,0
TRX000202,P0067,2,28000,8500
TRX000202,P0001,1,3500,0
TRX000202,P0011,1,4000,0
TRX000203,P0060,1,25000,2500
TRX000203,P0026,1,34000,5000
TRX000203,P0005,1,19500,0
TRX000203,P0037,1,28000,0
TRX000203,P0025,2,29500,0
TRX000203,P0053,1,45000,0
TRX000203,P0074,1,7000,0
TRX000204,P0043,1,185000,0
TRX000204,P0073,5,15000,0
TRX000204,P0048,1,89000,0
TRX000204,P0034,1,16000,1000
TRX000205,P0008,1,12500,0
TRX000205,P0001,2,3500,0
TRX000206,P0002,1,74500,0
TRX000206,P0077,1,23000,0
TRX000207,P0008,4,12500,0
TRX000207,P0020,1,8500,0
TRX000207,P0003,1,18500,0
TRX000207,P0027,2,25000,0
TRX000207,P0035,1,14500,0
TRX000207,P0075,1,11000,0
TRX000208,P0005,1,20000,0
TRX000208,P0058,3,74000,0
TRX000208,P0057,1,87000,4500
TRX000209,P0059,1,60500,6000
TRX000209,P0077,1,22500,0
TRX000210,P0076,1,16000,0
TRX000210,P0005,2,19500,0
TRX000210,P0010,2,42500,0
TRX000210,P0080,5,14500,0
TRX000210,P0033,1,21000,0
TRX000210,P0012,1,6500,1000
TRX000210,P0039,1,27500,0
TRX000211,P0015,2,32000,0
TRX000211,P0052,3,129000,0
TRX000211,P0070,3,15000,0
TRX000211,P0061,1,52000,0
TRX000212,P0012,4,6500,0
TRX000212,P0057,1,86000,0
TRX000212,P0014,1,21000,3000
TRX000212,P0017,1,7500,0
TRX000212,P0063,1,18500,0
TRX000212,P0009,2,23000,0
TRX000212,P0062,2,79000,0
TRX000213,P0005,1,20000,0
TRX000213,P0013,1,29500,0
TRX000213,P0010,2,43500,0
TRX000213,P0057,2,87500,0
TRX000214,P0010,2,43500,0
TRX000214,P0012,4,6500,1500
TRX000214,P0014,1,21500,0
TRX000214,P0057,1,87500,0
TRX000214,P0075,3,11500,0
TRX000215,P0020,1,8500,0
TRX000215,P0015,3,32500,0
TRX000215,P0047,1,217000,0
TRX000216,P0019,1,24000,2500
TRX000216,P0015,1,32000,0
TRX000216,P0003,1,18500,0
TRX000216,P0038,1,8500,0
TRX000216,P0077,1,22000,0
TRX000217,P0038,1,9000,0
TRX000217,P0070,1,15500,0
TRX000218,P0051,2,79000,0
TRX000218,P0010,1,42000,0
TRX000218,P0068,1,69000,0
TRX000218,P0048,1,89000,0
TRX000219,P0009,1,24000,0
TRX000219,P0023,1,16000,0
TRX000219,P0036,1,32000,0
TRX000219,P0059,1,61000,0
TRX000220,P0074,2,7000,1500
TRX000220,P0028,1,18500,0
TRX000220,P0008,5,13000,0
TRX000220,P0002,2,74000,0
TRX000220,P0075,2,11500,1000
TRX000220,P0003,1,19000,0
TRX000220,P0046,1,67000,0
TRX000221,P0007,1,14500,0
TRX000221,P0062,1,80500,0
TRX000221,P0026,1,35000,0
TRX000221,P0021,1,28500,0
TRX000222,P0024,1,12000,0
TRX000222,P0015,1,32000,0
TRX000223,P0079,1,8500,0
TRX000223,P0002,3,74000,33500
TRX000223,P0023,1,16000,0
TRX000223,P0034,1,16500,2500
TRX000223,P0022,3,6500,0
TRX000223,P0008,2,13000,0
TRX000224,P0034,1,16000,0
TRX000224,P0028,2,18000,0
TRX000224,P0073,3,15000,0
TRX000225,P0060,1,25000,0
TRX000225,P0004,2,27500,0
TRX000225,P0041,2,45000,0
TRX000225,P0010,1,42000,0
TRX000225,P0003,1,18500,2000
TRX000225,P0017,1,7500,0
TRX000226,P0029,2,22500,0
TRX000226,P0045,3,181000,0
TRX000227,P0004,2,28500,0
TRX000227,P0035,1,15000,0
TRX000227,P0016,1,18500,0
TRX000227,P0015,1,33000,0
TRX000227,P0001,2,3500,1000
TRX000227,P0011,5,4000,0
TRX000228,P0057,2,85000,8500
TRX000228,P0023,1,15500,0
TRX000229,P0074,3,7000,0
TRX000229,P0069,1,32000,0
TRX000229,P0026,1,34000,0
TRX000229,P0061,1,52000,0
TRX000229,P0021,1,27500,0
TRX000229,P0055,1,55000,0
TRX000230,P0009,1,23500,0
TRX000230,P0060,1,25500,2500
TRX000230,P0057,1,87000,0
TRX000230,P0055,1,56500,0
TRX000230,P0033,1,21500,0
TRX000230,P0003,2,19000,0
TRX000230,P0010,1,43000,0
TRX000230,P0045,1,179500,0
TRX000231,P0062,1,80000,0
TRX000231,P0016,2,18500,0
TRX000231,P0035,1,15000,0
TRX000231,P0059,1,60500,0
TRX000232,P0023,1,15500,0
TRX000232,P0053,2,45000,0
TRX000232,P0060,2,25000,0
TRX000233,P0008,1,13000,0
TRX000233,P0036,2,32000,0
TRX000233,P0009,1,23500,0
TRX000234,P0009,1,24000,0
TRX000234,P0079,1,9000,1000
TRX000234,P0040,2,25000,0
TRX000234,P0004,3,28500,0
TRX000234,P0026,1,35000,0
TRX000235,P0075,1,11000,0
TRX000235,P0001,3,3500,0
TRX000235,P0011,1,4000,0
TRX000235,P0022,2,6500,0
TRX000236,P0007,2,14000,0
TRX000236,P0015,2,32000,0
TRX000236,P0017,1,7500,0
TRX000237,P0037,3,28500,0
TRX000237,P0012,2,6500,500
TRX000238,P0056,1,49500,0
TRX000238,P0040,1,24500,0
TRX000238,P0062,3,80500,0
TRX000239,P0073,1,15500,0
TRX000239,P0024,1,12500,0
TRX000239,P0004,2,28500,0
TRX000240,P0046,1,66500,0
TRX000240,P0050,1,77000,4000
TRX000240,P0018,1,9000,0
TRX000240,P0001,3,3500,1000
TRX000240,P0011,1,4000,0
TRX000241,P0012,1,6500,0
TRX000241,P0018,5,9000,0
TRX000241,P0045,2,179500,0
TRX000241,P0019,1,24500,0
TRX000241,P0026,1,35000,0
TRX000242,P0036,1,31500,0
TRX000242,P0049,2,35500,0
TRX000242,P0067,1,27500,0
TRX000242,P0017,1,7500,0
TRX000242,P0008,1,12500,0
TRX000242,P0011,2,4000,0
TRX000243,P0033,1,21500,0
TRX000243,P0053,1,46500,0
TRX000243,P0040,1,24500,1000
TRX000243,P0030,1,9500,0
TRX000244,P0010,1,42500,0
TRX000244,P0040,1,24000,0
TRX000244,P0012,1,6500,0
TRX000244,P0018,3,9000,0
TRX000244,P0037,1,28500,0
TRX000244,P0009,3,23000,0
TRX000245,P0007,4,14000,3000
TRX000245,P0027,4,25000,0
TRX000245,P0026,1,34500,0
TRX000246,P0025,1,29500,3000
TRX000246,P0078,1,17500,0
TRX000246,P0035,2,14500,0
TRX000246,P0020,1,8500,0
TRX000246,P0019,1,24000,0
TRX000246,P0001,2,3500,0
TRX000246,P0011,4,4000,0
TRX000247,P0004,1,28000,0
TRX000247,P0080,1,14500,1500
TRX000248,P0011,2,4000,0
TRX000248,P0027,3,25000,0
TRX000249,P0034,1,16500,1000
TRX000249,P0065,1,24500,0
TRX000249,P0062,1,80000,12000
TRX000249,P0042,1,100500,0
TRX000249,P0016,2,18500,0
TRX000249,P0069,1,33000,0
TRX000250,P0003,3,18500,8500
TRX000250,P0066,1,36500,0
TRX000251,P0009,2,23000,7000
TRX000251,P0057,2,86000,0
TRX000252,P0015,1,33000,0
TRX000252,P0014,2,21500,0
TRX000252,P0004,2,28500,8500
TRX000252,P0018,2,9500,0
TRX000253,P0031,1,18500,0
TRX000253,P0027,5,25000,0
TRX000253,P0049,1,35500,0
TRX000253,P0011,1,4000,0
TRX000254,P0013,1,29500,0
TRX000254,P0027,1,26000,0
TRX000255,P0017,2,7500,0
TRX000255,P0011,5,4000,0
TRX000255,P0078,1,17500,0
TRX000255,P0080,3,14500,0
TRX000255,P0001,1,3500,0
TRX000255,P0008,3,12500,0
TRX000256,P0032,1,23500,0
TRX000256,P0036,1,31500,0
TRX000256,P0071,2,12000,1000
TRX000256,P0028,1,18000,0
TRX000256,P0031,1,18500,0
TRX000257,P0034,1,16500,1500
TRX000257,P0046,1,67000,10000
TRX000257,P0008,1,13000,2000
TRX000257,P0026,1,35000,0
TRX000257,P0003,1,19000,0
TRX000257,P0032,2,24000,0
TRX000258,P0001,1,3500,0
TRX000258,P0011,1,4000,0
TRX000258,P0059,1,59500,0
TRX000258,P0047,1,217000,0
TRX000258,P0072,1,18000,0
TRX000259,P0065,2,24000,0
TRX000259,P0014,2,21000,0
TRX000259,P0068,1,69000,0
TRX000259,P0053,1,45000,0
TRX000259,P0013,1,28500,1500
TRX000260,P0037,1,28000,0
TRX000260,P0002,2,72000,0
TRX000260,P0017,1,7500,0
TRX000260,P0046,1,65000,0
TRX000261,P0007,3,14000,0
TRX000262,P0015,2,32000,0
TRX000262,P0005,4,19500,0
TRX000262,P0033,1,21000,0
TRX000262,P0014,2,21000,0
TRX000262,P0020,1,8500,500
TRX000262,P0017,2,7500,0
TRX000263,P0005,1,19500,0
TRX000263,P0020,2,8500,0
TRX000263,P0060,3,25000,0
TRX000263,P0040,1,24000,0
TRX000264,P0019,5,24000,0
TRX000264,P0008,2,12500,0
TRX000264,P0079,2,8500,0
TRX000265,P0018,2,9500,1000
TRX000265,P0037,1,29000,0
TRX000266,P0051,1,81500,8000
TRX000266,P0017,3,7500,0
TRX000266,P0009,1,23500,0
TRX000266,P0012,1,6500,0
TRX000267,P0080,1,15000,0
TRX000267,P0063,1,19000,0
TRX000267,P0051,1,82000,0
TRX000267,P0024,1,12500,0
TRX000268,P0008,2,13000,0
TRX000268,P0049,1,36000,5500
TRX000268,P0054,1,67000,10000
TRX000268,P0022,4,6500,0
TRX000269,P0009,3,23000,0
TRX000269,P0062,1,78000,0
TRX000269,P0030,1,9000,0
TRX000269,P0031,1,18500,0
TRX000269,P0020,1,8500,1000
TRX000269,P0032,1,23500,0
TRX000270,P0003,1,19000,0
TRX000270,P0034,1,16500,0
TRX000270,P0024,1,12500,0
TRX000270,P0040,1,24500,0
TRX000271,P0002,1,72000,0
TRX000271,P0018,3,9000,0
TRX000271,P0013,1,28500,0
TRX000271,P0056,1,48000,2500
TRX000271,P0072,1,18000,0
TRX000271,P0012,1,6500,0
TRX000272,P0067,1,27000,0
TRX000272,P0018,1,9000,0
TRX000272,P0046,2,65000,0
TRX000272,P0038,1,8500,0
TRX000272,P0005,1,19500,1000
TRX000272,P0025,1,29500,0
TRX000273,P0013,1,28500,0
TRX000273,P0045,1,175000,0
TRX000273,P0048,1,89000,0
TRX000273,P0072,3,18000,0
TRX000274,P0048,1,89000,0
TRX000274,P0030,1,9000,0
TRX000274,P0053,2,45000,0
TRX000275,P0039,1,27000,0
TRX000275,P0027,3,25000,0
TRX000275,P0033,1,21000,0
TRX000275,P0001,1,3500,0
TRX000276,P0040,1,24000,1000
TRX000276,P0074,1,7000,1000
TRX000276,P0072,1,18000,0
TRX000276,P0011,4,4000,0
TRX000276,P0034,1,16000,0
TRX000276,P0020,1,8500,0
TRX000276,P0010,1,42000,0
TRX000277,P0012,1,6500,0
TRX000277,P0047,2,221500,0
TRX000277,P0073,1,15500,0
TRX000278,P0003,2,18500,0
TRX000278,P0016,1,18000,0
TRX000279,P0020,1,8500,0
TRX000279,P0012,4,6500,0
TRX000279,P0018,1,9000,1000
TRX000279,P0001,1,3500,0
TRX000279,P0073,2,15000,0
TRX000280,P0025,1,29500,0
TRX000280,P0018,1,9000,1500
TRX000280,P0061,3,52000,0
TRX000280,P0031,1,18500,0
TRX000281,P0018,1,9000,0
TRX000281,P0012,1,6500,0
TRX000281,P0037,1,28000,0
TRX000281,P0019,1,24000,0
TRX000282,P0074,1,7000,0
TRX000282,P0026,2,35000,0
TRX000282,P0020,2,9000,2000
TRX000282,P0069,1,33000,0
TRX000282,P0006,2,17000,0
TRX000283,P0020,4,9000,5500
TRX000283,P0010,1,43500,0
TRX000283,P0003,1,19000,0
TRX000283,P0075,3,11500,0
TRX000283,P0018,1,9500,0
TRX000283,P0005,2,20000,0
TRX000283,P0015,1,33000,0
TRX000283,P0065,1,25000,0
TRX000284,P0016,2,18500,3500
TRX000284,P0056,3,49500,0
TRX000284,P0057,1,88000,0
TRX000284,P0003,3,19000,8500
TRX000284,P0072,3,18500,0
TRX000285,P0001,1,3500,0
TRX000285,P0011,1,4000,0
TRX000285,P0049,1,36000,0
TRX000285,P0007,1,14500,0
TRX000285,P0002,1,74000,11000
TRX000286,P0005,1,19500,0
TRX000286,P0067,1,27000,0
TRX000286,P0008,2,12500,0
TRX000286,P0019,1,24000,3500
TRX000287,P0076,1,16500,1500
TRX000287,P0008,2,13000,0
TRX000287,P0048,1,92000,0
TRX000287,P0066,1,37500,0
TRX000287,P0052,1,133500,0
TRX000287,P0068,2,71500,0
TRX000288,P0074,1,7000,0
TRX000288,P0006,1,16500,0
TRX000288,P0001,3,3500,0
TRX000288,P0004,1,28000,0
TRX000289,P0004,1,28000,0
TRX000289,P0039,1,27500,0
TRX000289,P0074,3,7000,3000
TRX000289,P0026,1,34500,0
TRX000290,P0009,2,24000,2500
TRX000290,P0016,1,18500,0
TRX000290,P0065,1,25000,0
TRX000290,P0001,1,3500,0
TRX000290,P0037,2,29000,6000
TRX000291,P0022,1,6500,0
TRX000291,P0004,1,28500,0
TRX000291,P0078,3,18000,0
TRX000291,P0011,1,4000,0
TRX000291,P0006,5,17000,0
TRX000291,P0041,2,46500,0
TRX000292,P0019,1,24500,2500
TRX000292,P0021,4,28500,0
TRX000292,P0053,1,46500,0
TRX000293,P0013,1,29000,1500
TRX000293,P0003,1,19000,0
TRX000293,P0040,2,24500,0
TRX000293,P0004,2,28000,0
TRX000294,P0001,3,3500,500
TRX000294,P0011,2,4000,0
TRX000294,P0028,1,18000,0
TRX000294,P0053,1,45000,0
TRX000295,P0003,1,19000,0
TRX000295,P0009,1,23500,0
TRX000295,P0040,1,24500,0
TRX000295,P0030,1,9000,0
TRX000295,P0038,1,8500,0
TRX000295,P0012,1,6500,0
TRX000296,P0063,1,19000,1000
TRX000296,P0030,5,9000,0
TRX000296,P0067,3,27500,4000
TRX000297,P0034,1,16000,0
TRX000297,P0068,1,69000,0
TRX000297,P0024,1,12000,0
TRX000297,P0019,2,24000,0
TRX000298,P0014,3,21000,0
TRX000298,P0022,1,6500,0
TRX000299,P0046,1,65000,3000
TRX000299,P0074,2,7000,0
TRX000299,P0016,1,18000,0
TRX000300,P0013,1,29000,0
TRX000300,P0018,2,9000,0
TRX000300,P0039,1,27500,0
TRX000301,P0051,1,79000,0
TRX000301,P0068,1,69000,0
TRX000301,P0062,1,78000,0
TRX000301,P0044,1,125000,0
TRX000301,P0056,1,48000,0
TRX000301,P0038,1,8500,0
TRX000302,P0071,4,12000,0
TRX000302,P0011,1,4000,0
TRX000303,P0001,1,3500,0
TRX000303,P0011,1,4000,500
TRX000303,P0025,1,30000,0
TRX000303,P0071,1,12000,0
TRX000303,P0080,1,14500,0
TRX000303,P0044,1,126000,0
TRX000304,P0071,1,12000,0
TRX000304,P0037,1,28000,0
TRX000305,P0008,3,13000,4000
TRX000305,P0040,1,24500,0
TRX000306,P0036,1,32000,0
TRX000307,P0029,1,21500,0
TRX000308,P0004,1,28000,0
TRX000308,P0017,1,7500,500
TRX000308,P0013,2,29000,6000
TRX000308,P0008,1,12500,500
TRX000308,P0020,1,8500,0
TRX000308,P0003,1,18500,2000
TRX000309,P0068,1,71500,0
TRX000310,P0058,1,72500,0
TRX000310,P0070,2,15000,0
TRX000310,P0077,1,22000,2000
TRX000311,P0033,1,21000,0
TRX000311,P0002,5,72000,0
TRX000311,P0053,1,45000,0
TRX000312,P0028,1,18000,0
TRX000312,P0017,3,7500,0
TRX000312,P0009,1,23000,0
TRX000312,P0013,1,29000,0
TRX000312,P0032,2,23500,0
TRX000312,P0016,1,18000,0
TRX000313,P0073,4,15000,0
TRX000313,P0010,4,42000,0
TRX000313,P0021,1,27500,0
TRX000313,P0022,1,6500,0
TRX000313,P0005,1,19500,0
TRX000314,P0012,2,6500,0
TRX000314,P0010,1,42000,0
TRX000314,P0047,2,215000,0
TRX000314,P0057,1,85000,0
TRX000314,P0049,1,35000,0
TRX000314,P0036,2,31000,0
TRX000315,P0062,2,79000,0
TRX000315,P0009,1,23000,0
TRX000315,P0006,2,16500,0
TRX000315,P0034,1,16000,0
TRX000316,P0005,2,19500,0
TRX000316,P0016,1,18000,0
TRX000316,P0007,2,14000,3000
TRX000316,P0045,1,177000,0
TRX000317,P0060,1,25500,0
TRX000317,P0026,4,35000,0
TRX000317,P0001,1,3500,0
TRX000318,P0002,1,72500,0
TRX000318,P0009,1,23000,0
TRX000318,P0038,1,8500,0
TRX000318,P0068,1,69500,0
TRX000319,P0034,1,16000,0
TRX000319,P0059,1,59000,0
TRX000319,P0054,1,65000,0
TRX000319,P0065,1,24000,0
TRX000319,P0069,2,32000,0
TRX000319,P0004,3,27500,0
TRX000320,P0071,2,12500,0
TRX000320,P0035,1,15000,0
TRX000321,P0050,1,76000,4000
TRX000321,P0022,1,6500,0
TRX000321,P0030,1,9000,0
TRX000322,P0023,1,16000,0
TRX000322,P0013,5,29500,15000
TRX000322,P0040,1,24500,0
TRX000322,P0047,3,221500,0
TRX000322,P0079,3,9000,0
TRX000322,P0067,1,28000,0
TRX000323,P0025,1,29500,0
TRX000323,P0010,1,42000,2000
TRX000323,P0054,2,65000,0
TRX000323,P0017,2,7500,0
TRX000323,P0013,2,28500,0
TRX000324,P0015,1,33000,3500
TRX000324,P0040,1,25000,0
TRX000324,P0079,1,9000,0
TRX000324,P0004,1,28500,3000
TRX000324,P0020,1,9000,0
TRX000324,P0011,1,4000,0
TRX000324,P0001,1,3500,0
TRX000325,P0018,4,9000,0
TRX000325,P0041,1,45000,0
TRX000325,P0033,3,21000,0
TRX000325,P0031,1,18500,0
TRX000326,P0017,2,7500,0
TRX000326,P0076,2,16500,0
TRX000326,P0003,4,19000,0
TRX000326,P0078,1,18000,0
TRX000327,P0004,1,28500,3000
TRX000327,P0016,3,18500,0
TRX000327,P0026,1,35000,2000
TRX000328,P0001,1,3500,0
TRX000328,P0011,2,4000,1000
TRX000328,P0009,3,23500,10500
TRX000329,P0048,1,92000,9000
TRX000330,P0018,2,9500,0
TRX000330,P0001,2,3500,0
TRX000330,P0014,3,21500,0
TRX000330,P0006,2,17000,0
TRX000331,P0004,4,27500,0
TRX000331,P0039,1,27000,0
TRX000331,P0011,1,4000,0
TRX000332,P0023,2,15500,0
TRX000332,P0024,2,12000,0
TRX000332,P0037,1,28000,0
TRX000333,P0042,2,100500,20000
TRX000333,P0061,1,53500,0
TRX000333,P0079,5,8500,0
TRX000334,P0008,2,13000,1500
TRX000334,P0006,1,17000,0
TRX000334,P0072,3,18500,0
TRX000335,P0060,1,26000,0
TRX000335,P0005,1,20000,2000
TRX000335,P0048,1,91500,4500
TRX000335,P0040,1,24500,0
TRX000335,P0018,2,9500,0
TRX000335,P0025,2,30500,0
TRX000335,P0036,2,32000,0
TRX000336,P0012,1,6500,1000
TRX000336,P0078,2,17500,0
TRX000336,P0016,1,18000,2500
TRX000336,P0029,2,21500,0
TRX000337,P0003,4,18500,0
TRX000337,P0028,2,18000,0
TRX000337,P0024,3,12000,0
TRX000337,P0020,2,8500,0
TRX000337,P0019,3,24000,7000
TRX000337,P0050,1,76000,0
TRX000338,P0020,1,8500,1500
TRX000338,P0008,1,13000,0
TRX000338,P0014,1,21500,3000
TRX000338,P0007,3,14500,0
TRX000338,P0044,1,128000,0
TRX000339,P0023,2,16000,0
TRX000339,P0016,2,18500,0
TRX000340,P0026,4,34000,0
TRX000340,P0018,1,9000,0
TRX000341,P0036,1,32000,0
TRX000342,P0048,1,90000,0
TRX000343,P0015,1,33000,0
TRX000343,P0071,1,12500,0
TRX000343,P0055,1,57000,0
TRX000343,P0075,1,11500,0
TRX000344,P0027,2,25000,0
TRX000344,P0073,1,15000,0
TRX000345,P0050,1,75000,0
TRX000345,P0026,1,34000,0
TRX000345,P0075,3,11000,0
TRX000345,P0036,1,31000,0
TRX000345,P0030,1,9000,0
TRX000346,P0048,1,90000,0
TRX000346,P0026,2,34500,0
TRX000346,P0054,1,65500,0
TRX000346,P0009,1,23000,0
TRX000346,P0043,1,187000,18500
TRX000346,P0007,5,14000,3500
TRX000347,P0009,1,23000,0
TRX000347,P0044,1,125000,0
TRX000347,P0011,1,4000,0
TRX000347,P0001,1,3500,0
TRX000347,P0072,1,18000,0
TRX000347,P0019,1,24000,0
TRX000347,P0002,3,72000,0
TRX000348,P0021,2,28500,0
TRX000348,P0022,1,6500,0
TRX000348,P0024,1,12500,0
TRX000348,P0049,1,36000,3500
TRX000348,P0070,1,15500,0
TRX000348,P0004,1,28500,0
TRX000348,P0044,1,129500,0
TRX000349,P0054,3,67000,0
TRX000349,P0043,1,190500,0
TRX000349,P0020,2,9000,0
TRX000349,P0075,3,11500,0
TRX000350,P0019,3,24000,0
TRX000350,P0035,1,14500,0
TRX000350,P0011,1,4000,500
TRX000351,P0003,1,19000,0
TRX000352,P0028,2,18500,0
TRX000352,P0080,1,15000,0
TRX000353,P0064,1,23000,2500
TRX000353,P0006,1,17000,0
TRX000353,P0071,1,12500,0
TRX000354,P0051,1,81500,0
TRX000354,P0061,1,53500,0
TRX000354,P0018,3,9500,0
TRX000354,P0033,1,21500,0
TRX000354,P0004,4,28500,5500
TRX000354,P0050,1,77000,0
TRX000355,P0077,3,22000,0
TRX000355,P0038,1,8500,0
TRX000355,P0068,1,69000,0
TRX000355,P0033,1,21000,0
TRX000355,P0076,3,16000,0
TRX000355,P0061,1,52000,0
TRX000356,P0036,1,32000,0
TRX000356,P0053,1,46500,0
TRX000356,P0028,1,18500,0
TRX000357,P0076,1,16000,0
TRX000357,P0014,1,21000,0
TRX000357,P0008,2,12500,0
TRX000357,P0009,3,23000,0
TRX000358,P0015,1,33000,0
TRX000359,P0018,1,9000,0
TRX000359,P0080,1,14500,0
TRX000359,P0044,1,125000,0
TRX000359,P0034,1,16000,0
TRX000359,P0030,3,9000,0
TRX000359,P0022,1,6500,0
TRX000359,P0001,1,3500,0
TRX000360,P0002,1,74000,0
TRX000360,P0027,4,26000,10500
TRX000360,P0030,1,9500,0
TRX000360,P0020,1,9000,0
TRX000360,P0023,1,16000,0
TRX000360,P0050,1,77000,0
TRX000360,P0006,1,17000,0
TRX000360,P0038,1,9000,0
TRX000361,P0031,1,19000,0
TRX000361,P0018,1,9500,0
TRX000361,P0012,1,6500,500
TRX000361,P0020,1,9000,0
TRX000362,P0044,1,129000,0
TRX000362,P0003,3,19000,0
TRX000362,P0066,2,37000,0
TRX000363,P0023,2,16000,0
TRX000363,P0017,2,8000,0
TRX000363,P0013,1,29500,0
TRX000363,P0012,1,6500,0
TRX000364,P0009,2,23000,0
TRX000364,P0001,1,3500,0
TRX000364,P0011,3,4000,0
TRX000364,P0016,1,18000,0
TRX000364,P0059,1,59000,0
TRX000364,P0002,4,72000,0
TRX000364,P0024,2,12000,0
TRX000364,P0061,2,52000,0
TRX000365,P0034,1,16500,0
TRX000365,P0004,1,28000,0
TRX000365,P0011,3,4000,2000
TRX000365,P0006,1,17000,0
TRX000365,P0033,1,21500,0
TRX000366,P0009,1,23000,0
TRX000366,P0018,2,9000,0
TRX000366,P0040,1,24000,3500
TRX000366,P0054,1,65500,6500
TRX000366,P0036,1,31500,0
TRX000366,P0041,1,45500,0
TRX000366,P0071,2,12000,0
TRX000367,P0033,1,21000,0
TRX000368,P0014,1,21000,0
TRX000368,P0056,1,48500,0
TRX000368,P0040,1,24000,0
TRX000368,P0020,3,8500,0
TRX000368,P0005,1,19500,1000
TRX000369,P0008,1,13000,0
TRX000369,P0071,3,12500,0
TRX000369,P0062,1,80000,8000
TRX000369,P0010,2,43000,0
TRX000370,P0053,1,45000,4500
TRX000370,P0040,1,24000,0
TRX000370,P0001,1,3500,0
TRX000370,P0022,1,6500,0
TRX000370,P0050,1,75000,0
TRX000370,P0048,1,89000,0
TRX000370,P0064,1,22000,0
TRX000371,P0018,1,9000,500
TRX000371,P0025,2,30000,3000
TRX000371,P0014,2,21000,0
TRX000372,P0061,1,53500,0
TRX000372,P0034,2,16500,0
TRX000372,P0003,1,19000,0
TRX000372,P0006,1,17000,0
TRX000373,P0038,1,8500,0
TRX000374,P0024,1,12500,0
TRX000374,P0048,1,92000,14000
TRX000374,P0030,1,9500,0
TRX000374,P0033,2,21500,2000
TRX000375,P0049,1,35000,0
TRX000375,P0011,1,4000,500
TRX000376,P0018,3,9000,0
TRX000376,P0012,1,6500,0
TRX000376,P0027,2,25000,0
TRX000376,P0005,1,19500,2000
TRX000376,P0022,1,6500,0
TRX000376,P0066,1,36500,5500
TRX000377,P0020,1,8500,0
TRX000377,P0019,2,24000,5000
TRX000377,P0040,1,24000,0
TRX000377,P0013,1,28500,3000
TRX000377,P0017,1,7500,0
TRX000378,P0066,1,36500,0
TRX000378,P0003,3,18500,0
TRX000378,P0041,1,45500,0
TRX000379,P0018,1,9500,0
TRX000379,P0046,1,67500,0
TRX000379,P0049,1,36000,0
TRX000380,P0007,5,14500,0
TRX000380,P0078,1,18000,0
TRX000380,P0035,1,15000,1500
TRX000380,P0040,2,24500,0
TRX000381,P0036,2,32000,0
TRX000381,P0021,1,28500,3000
TRX000381,P0022,1,6500,1000
TRX000381,P0055,1,56500,0
TRX000382,P0014,3,21500,9500
TRX000382,P0004,1,28000,0
TRX000382,P0008,1,13000,0
TRX000382,P0018,1,9000,0
TRX000382,P0006,1,17000,0
TRX000383,P0024,1,12500,0
TRX000383,P0073,1,15500,0
TRX000383,P0037,2,28500,0
TRX000383,P0014,2,21500,0
TRX000384,P0037,1,28500,0
TRX000384,P0014,1,21000,0
TRX000384,P0008,1,12500,0
TRX000384,P0020,2,8500,1500
TRX000384,P0005,5,19500,0
TRX000385,P0047,1,217000,0
TRX000385,P0011,1,4000,0
TRX000385,P0001,2,3500,0
TRX000385,P0033,1,21000,0
TRX000386,P0014,1,21000,0
TRX000386,P0010,1,42000,0
TRX000387,P0007,1,14500,0
TRX000387,P0025,5,30000,0
TRX000387,P0056,1,49000,0
TRX000387,P0008,2,13000,0
TRX000388,P0016,2,18000,0
TRX000388,P0027,3,25000,0
TRX000388,P0009,3,23000,0
TRX000388,P0054,1,65500,0
TRX000388,P0028,3,18000,0
TRX000389,P0017,2,7500,0
TRX000389,P0012,3,6500,0
TRX000389,P0001,1,3500,0
TRX000390,P0057,1,88000,0
TRX000390,P0002,1,74500,0
TRX000390,P0073,2,15500,0
TRX000390,P0034,1,16500,0
TRX000391,P0019,1,24000,0
TRX000391,P0066,2,36000,11000
TRX000391,P0014,1,21000,0
TRX000391,P0007,1,14000,0
TRX000392,P0001,1,3500,0
TRX000392,P0008,4,13000,0
TRX000392,P0069,2,33000,0
TRX000393,P0065,3,24000,0
TRX000393,P0013,3,28500,0
TRX000393,P0045,1,175000,0
TRX000393,P0015,2,32000,0
TRX000394,P0027,3,25000,0
TRX000394,P0017,4,7500,0
TRX000394,P0050,1,75000,0
TRX000394,P0038,1,8500,0
TRX000395,P0041,1,45500,0
TRX000395,P0029,1,21500,3000
TRX000395,P0008,1,12500,0
TRX000395,P0051,1,80000,0
TRX000395,P0078,3,17500,0
TRX000395,P0030,1,9000,0
TRX000396,P0012,1,6500,0
TRX000396,P0020,1,9000,0
TRX000396,P0032,1,24500,0
TRX000396,P0073,3,15500,0
TRX000397,P0071,1,12500,0
TRX000397,P0070,1,15500,0
TRX000397,P0063,1,19000,0
TRX000398,P0071,2,12000,1000
TRX000398,P0030,2,9000,0
TRX000398,P0041,1,45500,7000
TRX000399,P0078,2,17500,0
TRX000399,P0055,1,55000,0
TRX000399,P0056,1,48000,0
TRX000399,P0049,1,35000,0
TRX000399,P0005,1,19500,0
TRX000399,P0001,1,3500,500
TRX000400,P0011,1,4000,500
TRX000401,P0019,2,25000,0
TRX000401,P0024,2,12500,0
TRX000401,P0052,1,133500,0
TRX000401,P0021,2,28500,0
TRX000402,P0041,1,45000,0
TRX000402,P0031,1,18500,0
TRX000402,P0029,1,21500,0
TRX000402,P0007,1,14000,1500
TRX000402,P0057,1,85000,0
TRX000402,P0018,4,9000,5500
TRX000403,P0017,1,7500,0
TRX000403,P0034,3,16000,0
TRX000403,P0008,4,12500,5000
TRX000403,P0019,2,24000,7000
TRX000403,P0007,5,14000,0
TRX000404,P0019,1,24500,0
TRX000404,P0033,1,21500,1000
TRX000404,P0016,2,18500,0
TRX000405,P0056,1,48500,0
TRX000405,P0008,3,12500,0
TRX000405,P0045,1,177000,0
TRX000406,P0042,1,100500,0
TRX000407,P0056,1,48000,0
TRX000407,P0071,1,12000,0
TRX000408,P0030,1,9000,0
TRX000408,P0031,1,19000,0
TRX000409,P0001,1,3500,0
TRX000409,P0007,3,14500,0
TRX000409,P0013,5,29500,0
TRX000409,P0031,1,19000,0
TRX000410,P0035,1,15000,0
TRX000411,P0033,2,21000,0
TRX000411,P0009,1,23000,3500
TRX000412,P0056,1,48000,0
TRX000412,P0049,1,35000,0
TRX000413,P0052,1,129000,0
TRX000413,P0051,1,79000,0
TRX000414,P0044,1,129500,0
TRX000414,P0024,1,12500,0
TRX000414,P0040,1,25000,0
TRX000414,P0077,2,23000,0
TRX000414,P0010,1,43500,0
TRX000414,P0079,2,9000,0
TRX000414,P0016,2,18500,0
TRX000415,P0005,2,19500,0
TRX000415,P0008,2,12500,0
TRX000415,P0030,1,9000,0
TRX000415,P0013,1,29000,0
TRX000416,P0064,1,22000,0
TRX000416,P0036,1,31500,0
TRX000416,P0019,2,24000,0
TRX000416,P0042,1,99000,0
TRX000416,P0041,1,45500,0
TRX000417,P0032,2,24000,0
TRX000417,P0005,3,20000,0
TRX000417,P0006,4,17000,0
TRX000417,P0008,1,13000,1500
TRX000417,P0042,1,100500,0
TRX000418,P0067,1,28000,0
TRX000418,P0020,1,9000,0
TRX000419,P0011,1,4000,500
TRX000419,P0065,1,24000,0
TRX000420,P0008,3,12500,5500
TRX000420,P0009,2,23000,0
TRX000421,P0059,1,59000,0
TRX000421,P0062,1,78000,0
TRX000421,P0025,1,29500,0
TRX000421,P0071,2,12000,0
TRX000421,P0073,1,15000,0
TRX000421,P0053,1,45000,0
TRX000422,P0045,1,179500,0
TRX000422,P0024,1,12500,0
TRX000422,P0055,1,56500,0
TRX000422,P0022,5,6500,0
TRX000422,P0009,2,23500,0
TRX000423,P0036,2,32000,0
TRX000423,P0068,1,71000,0
TRX000423,P0058,1,74000,0
TRX000423,P0003,1,19000,0
TRX000423,P0076,1,16500,1500
TRX000424,P0016,1,18500,0
TRX000424,P0020,4,8500,0
TRX000425,P0008,2,13000,0
TRX000425,P0034,1,16500,1000
TRX000425,P0046,1,66500,0
TRX000425,P0009,1,23500,0
TRX000425,P0007,1,14500,2000
TRX000425,P0004,2,28000,0
TRX000426,P0021,3,28500,0
TRX000426,P0019,2,25000,0
TRX000426,P0047,1,222500,0
TRX000426,P0032,1,24500,2500
TRX000427,P0026,2,34000,7000
TRX000428,P0063,1,18500,0
TRX000428,P0016,1,18000,2000
TRX000428,P0039,2,27000,0
TRX000428,P0067,1,27000,0
TRX000428,P0029,1,21500,0
TRX000428,P0031,2,18500,0
TRX000428,P0025,2,29500,0
TRX000429,P0006,2,17000,0
TRX000429,P0002,3,74500,0
TRX000430,P0005,1,20000,0
TRX000430,P0071,1,12500,0
TRX000430,P0064,1,22500,3500
TRX000430,P0058,1,74000,0
TRX000430,P0010,4,43500,0
TRX000431,P0019,2,24500,0
TRX000431,P0071,2,12500,0
TRX000431,P0012,5,6500,0
TRX000431,P0062,1,80500,12000
TRX000432,P0001,2,3500,0
TRX000432,P0011,1,4000,0
TRX000432,P0003,1,19000,0
TRX000433,P0048,1,89000,0
TRX000433,P0056,1,48000,2500
TRX000433,P0030,1,9000,0
TRX000434,P0062,1,79000,0
TRX000434,P0003,1,18500,0
TRX000435,P0033,1,21500,0
TRX000436,P0010,1,43000,6500
TRX000436,P0078,4,18000,0
TRX000436,P0064,1,22500,0
TRX000436,P0027,1,25500,2500
TRX000436,P0051,1,81000,0
TRX000437,P0014,1,21000,0
TRX000437,P0017,2,7500,0
TRX000437,P0007,3,14000,0
TRX000437,P0036,1,31000,0
TRX000438,P0055,1,55000,0
TRX000438,P0002,1,72000,7000
TRX000439,P0040,3,24500,0
TRX000439,P0003,5,19000,0
TRX000439,P0010,2,43500,0
TRX000439,P0037,1,29000,0
TRX000439,P0017,1,7500,0
TRX000439,P0019,5,24500,0
TRX000440,P0077,1,22000,3500
TRX000440,P0005,1,19500,0
TRX000440,P0047,1,217000,0
TRX000440,P0002,2,72500,0
TRX000440,P0054,1,65500,0
TRX000441,P0014,1,21000,0
TRX000441,P0035,2,14500,1500
TRX000441,P0007,1,14000,0
TRX000441,P0002,2,72000,0
TRX000442,P0002,1,74500,0
TRX000442,P0033,1,21500,0
TRX000442,P0078,1,18000,0
TRX000442,P0079,1,9000,0
TRX000443,P0022,1,6500,0
TRX000443,P0021,3,28500,0
TRX000444,P0075,2,11000,0
TRX000444,P0012,4,6500,0
TRX000445,P0077,1,23000,0
TRX000445,P0033,1,21500,0
TRX000445,P0057,1,88000,0
TRX000445,P0006,1,17000,0
TRX000445,P0008,3,13000,0
TRX000445,P0068,1,71500,0
TRX000445,P0041,1,46500,0
TRX000446,P0039,1,27500,0
TRX000446,P0018,1,9000,0
TRX000446,P0005,3,20000,0
TRX000446,P0003,1,19000,0
TRX000446,P0021,1,28000,0
TRX000447,P0066,2,37500,11000
TRX000447,P0054,1,67500,10000
TRX000447,P0076,1,16500,0
TRX000447,P0019,3,25000,0
TRX000447,P0018,2,9500,0
TRX000448,P0069,1,32000,0
TRX000448,P0007,1,14000,0
TRX000448,P0034,2,16000,0
TRX000448,P0002,1,72000,3500
TRX000449,P0054,1,65000,0
TRX000449,P0019,1,24000,1000
TRX000449,P0073,3,15000,0
TRX000449,P0065,1,24000,0
TRX000449,P0003,2,18500,5500
TRX000449,P0058,1,72000,0
TRX000450,P0023,2,15500,0
TRX000450,P0046,1,65000,0
TRX000450,P0067,1,27000,0
TRX000450,P0011,1,4000,0
TRX000450,P0016,3,18000,0
TRX000450,P0009,1,23000,0
TRX000451,P0050,1,75000,0
TRX000451,P0065,1,24000,0
TRX000451,P0066,1,36000,3500
TRX000452,P0004,1,28000,0
TRX000453,P0074,4,7000,0
TRX000453,P0030,1,9000,0
TRX000453,P0005,2,20000,0
TRX000453,P0026,2,35000,0
TRX000454,P0007,5,14500,0
TRX000454,P0075,4,11500,0
TRX000454,P0012,1,6500,500
TRX000454,P0004,1,28000,0
TRX000455,P0064,1,22000,0
TRX000455,P0014,1,21000,0
TRX000455,P0013,2,28500,0
TRX000455,P0028,2,18000,5500
TRX000455,P0007,3,14000,0
TRX000455,P0034,1,16000,0
TRX000455,P0036,1,31000,0
TRX000456,P0074,3,7000,0
TRX000456,P0012,5,6500,0
TRX000456,P0017,1,7500,0
TRX000456,P0019,2,24000,0
TRX000456,P0078,2,17500,0
TRX000457,P0017,1,7500,0
TRX000457,P0073,1,15500,1500
TRX000457,P0001,1,3500,0
TRX000457,P0062,1,80000,0
TRX000458,P0070,1,15000,0
TRX000458,P0018,2,9000,0
TRX000458,P0024,1,12000,2000
TRX000458,P0050,1,75000,0
TRX000458,P0045,1,175000,0
TRX000458,P0062,2,78000,0
TRX000458,P0004,2,27500,0
TRX000459,P0008,1,12500,0
TRX000460,P0035,1,14500,0
TRX000460,P0040,1,24000,3500
TRX000460,P0079,1,8500,0
TRX000461,P0038,1,8500,0
TRX000461,P0051,1,81000,0
TRX000461,P0071,1,12500,500
TRX000461,P0061,1,53500,0
TRX000461,P0028,2,18500,0
TRX000462,P0004,1,27500,0
TRX000462,P0021,1,27500,0
TRX000462,P0073,2,15000,0
TRX000462,P0068,1,69000,0
TRX000463,P0006,1,17000,2500
TRX000463,P0049,1,36000,0
TRX000463,P0059,1,60500,0
TRX000463,P0012,1,6500,0
TRX000463,P0063,1,19000,0
TRX000463,P0067,1,27500,0
TRX000463,P0047,1,220500,0
TRX000464,P0028,1,18500,0
TRX000465,P0055,1,56500,0
TRX000466,P0075,1,11500,0
TRX000466,P0007,2,14500,0
TRX000466,P0012,1,6500,0
TRX000466,P0009,1,24000,3500
TRX000466,P0020,2,9000,0
TRX000467,P0011,5,4000,0
TRX000467,P0054,1,67000,0
TRX000468,P0080,1,15000,1500
TRX000468,P0060,2,26000,0
TRX000469,P0001,1,3500,0
TRX000469,P0011,1,4000,0
TRX000469,P0017,3,8000,0
TRX000469,P0006,1,17000,0
TRX000469,P0020,1,9000,0
TRX000470,P0017,4,7500,3000
TRX000470,P0069,1,32500,5000
TRX000470,P0064,1,22000,0
TRX000470,P0015,1,32500,5000
TRX000470,P0030,1,9000,0
TRX000471,P0036,1,32000,0
TRX000471,P0022,1,6500,0
TRX000471,P0012,2,6500,0
TRX000471,P0074,1,7000,0
TRX000471,P0013,1,29500,0
TRX000472,P0033,1,21000,0
TRX000472,P0017,2,7500,1000
TRX000472,P0070,1,15000,0
TRX000472,P0073,2,15000,1500
TRX000472,P0065,2,24000,0
TRX000473,P0009,1,24000,2500
TRX000473,P0056,1,49500,0
TRX000473,P0003,1,19000,0
TRX000473,P0029,1,22500,0
TRX000474,P0076,2,16000,0
TRX000474,P0077,1,22000,0
TRX000475,P0051,1,80000,0
TRX000475,P0066,1,36500,0
TRX000476,P0024,3,12000,0
TRX000476,P0001,2,3500,0
TRX000476,P0011,3,4000,1000
TRX000477,P0019,1,24000,0
TRX000477,P0057,1,85000,0
TRX000477,P0001,1,3500,500
TRX000477,P0067,1,27000,0
TRX000478,P0025,1,30500,3000
TRX000478,P0067,2,28000,0
TRX000478,P0016,2,18500,0
TRX000479,P0076,2,16000,0
TRX000479,P0055,1,55000,0
TRX000479,P0018,3,9000,0
TRX000480,P0006,4,16500,0
TRX000480,P0011,1,4000,0
TRX000480,P0018,1,9000,0
TRX000481,P0070,2,15000,0
TRX000481,P0037,1,28500,0
TRX000481,P0020,1,8500,0
TRX000481,P0004,2,28000,3000
TRX000482,P0031,1,18500,0
TRX000482,P0013,1,28500,0
TRX000482,P0019,2,24000,0
TRX000483,P0052,1,132000,0
TRX000483,P0074,1,7000,0
TRX000483,P0013,4,29000,6000
TRX000483,P0041,1,46000,0
TRX000483,P0036,1,32000,0
TRX000483,P0003,1,19000,0
TRX000483,P0035,1,15000,0
TRX000484,P0017,1,7500,500
TRX000484,P0004,1,28000,0
TRX000484,P0010,1,42500,0
TRX000484,P0045,1,177000,0
TRX000484,P0036,1,31500,0
TRX000485,P0020,2,8500,0
TRX000485,P0034,1,16000,0
TRX000486,P0062,1,78000,0
TRX000486,P0013,1,28500,0
TRX000486,P0041,1,45000,0
TRX000487,P0041,1,46500,4500
TRX000487,P0019,1,24500,0
TRX000487,P0038,1,9000,0
TRX000488,P0077,1,23000,0
TRX000488,P0060,2,26000,0
TRX000488,P0028,2,18500,0
TRX000488,P0030,2,9500,0
TRX000489,P0068,1,71500,0
TRX000489,P0077,1,23000,0
TRX000489,P0053,1,46500,0
TRX000489,P0031,1,19000,0
TRX000490,P0039,1,27500,0
TRX000490,P0074,2,7000,2000
TRX000491,P0015,1,33000,0
TRX000491,P0046,1,67500,0
TRX000491,P0019,1,25000,2500
TRX000491,P0039,1,28000,0
TRX000492,P0079,1,8500,0
TRX000492,P0026,2,34000,10000
TRX000492,P0012,4,6500,0
TRX000492,P0054,1,65000,0
TRX000493,P0038,1,9000,0
TRX000493,P0079,1,9000,0
TRX000493,P0037,1,29000,0
TRX000494,P0007,1,14500,0
TRX000494,P0031,2,19000,4000
TRX000494,P0016,4,18500,0
TRX000494,P0017,1,7500,0
TRX000494,P0018,2,9000,0
TRX000495,P0048,1,90000,0
TRX000495,P0029,1,21500,3000
TRX000495,P0011,1,4000,0
TRX000495,P0053,1,45500,0
TRX000496,P0030,1,9000,1000
TRX000496,P0025,1,30000,0
TRX000497,P0032,1,24000,0
TRX000497,P0004,3,28000,0
TRX000497,P0056,1,49000,0
TRX000497,P0075,1,11500,0
TRX000497,P0006,4,17000,0
TRX000498,P0030,1,9000,0
TRX000498,P0007,2,14500,0
TRX000498,P0057,1,87000,0
TRX000498,P0001,1,3500,500
TRX000499,P0016,4,18500,0
TRX000499,P0005,2,20000,0
TRX000499,P0030,1,9500,0
TRX000499,P0020,2,9000,0
TRX000500,P0008,2,12500,0
TRX000500,P0027,1,25000,0
TRX000501,P0008,1,13000,0
TRX000501,P0074,1,7000,500
TRX000501,P0037,2,29000,0
TRX000501,P0078,2,18000,0
TRX000501,P0002,1,74000,0
TRX000501,P0019,1,24500,0
TRX000501,P0011,1,4000,0
TRX000501,P0001,1,3500,0
TRX000502,P0004,2,27500,0
TRX000502,P0055,1,55000,0
TRX000502,P0022,1,6500,0
TRX000502,P0059,1,59000,0
TRX000502,P0008,1,12500,0
TRX000503,P0011,3,4000,0
TRX000503,P0024,1,12000,0
TRX000503,P0022,1,6500,0
TRX000503,P0078,2,17500,0
TRX000503,P0072,2,18000,0
TRX000503,P0006,1,16500,0
TRX000503,P0071,1,12000,0
TRX000504,P0008,3,12500,4000
TRX000504,P0001,2,3500,1000
TRX000504,P0019,1,24000,0
TRX000504,P0043,1,185000,0
TRX000504,P0070,1,15000,0
TRX000505,P0012,5,6500,0
TRX000505,P0035,1,14500,0
TRX000505,P0002,1,72500,0
TRX000505,P0049,1,35500,0
TRX000505,P0010,2,42500,0
TRX000506,P0019,1,25000,0
TRX000506,P0028,1,18500,0
TRX000506,P0005,2,20000,4000
TRX000506,P0007,1,14500,0
TRX000506,P0078,1,18000,0
TRX000506,P0022,2,6500,0
TRX000506,P0020,1,9000,0
TRX000506,P0035,2,15000,0
TRX000507,P0006,1,17000,0
TRX000507,P0002,2,74500,0
TRX000507,P0064,1,23000,0
TRX000507,P0001,4,3500,0
TRX000507,P0039,1,28000,0
TRX000507,P0027,1,26000,0
TRX000508,P0072,1,18500,0
TRX000508,P0021,1,28500,0
TRX000508,P0020,2,9000,0
TRX000508,P0013,1,29500,0
TRX000508,P0031,1,19000,0
TRX000509,P0077,1,22000,0
TRX000509,P0006,1,16500,1500
TRX000509,P0034,1,16000,0
TRX000509,P0045,1,175000,0
TRX000510,P0072,2,18500,0
TRX000510,P0040,1,24500,0
TRX000510,P0064,1,22500,0
TRX000510,P0044,1,128000,0
TRX000511,P0056,1,49500,0
TRX000511,P0080,1,15000,0
TRX000511,P0070,1,15500,0
TRX000511,P0022,1,6500,0
TRX000512,P0034,1,16000,0
TRX000512,P0002,1,72500,0
TRX000512,P0025,3,30000,4500
TRX000512,P0019,2,24000,0
TRX000512,P0018,1,9000,0
TRX000512,P0021,1,28000,0
TRX000513,P0013,2,29500,0
TRX000513,P0014,1,21500,0
TRX000513,P0055,1,56500,3000
TRX000513,P0040,1,24500,0
TRX000513,P0001,1,3500,0
TRX000513,P0033,1,21500,0
TRX000514,P0047,3,220500,0
TRX000514,P0073,3,15500,0
TRX000514,P0038,1,8500,0
TRX000515,P0004,2,28000,5500
TRX000515,P0053,1,46000,0
TRX000515,P0055,1,56500,0
TRX000516,P0040,1,24000,0
TRX000516,P0059,2,59000,0
TRX000516,P0021,1,27500,0
TRX000516,P0069,1,32000,0
TRX000517,P0026,1,34000,0
TRX000517,P0011,1,4000,500
TRX000517,P0001,1,3500,0
TRX000517,P0019,3,24000,0
TRX000517,P0017,1,7500,0
TRX000517,P0039,1,27000,4000
TRX000518,P0070,2,15500,0
TRX000518,P0001,1,3500,0
TRX000518,P0014,1,21500,0
TRX000518,P0036,1,32000,0
TRX000518,P0071,4,12500,0
TRX000519,P0018,1,9000,0
TRX000519,P0015,1,32500,0
TRX000519,P0017,1,7500,1000
TRX000519,P0026,1,34500,1500
TRX000519,P0014,2,21000,0
TRX000520,P0062,1,78000,0
TRX000520,P0034,1,16000,0
TRX000520,P0037,1,28000,0
TRX000520,P0073,3,15000,0
TRX000520,P0063,1,18500,0
TRX000520,P0049,1,35000,0
TRX000521,P0049,1,36000,2000
TRX000521,P0024,2,12500,0
TRX000521,P0001,1,3500,0
TRX000521,P0011,1,4000,0
TRX000521,P0009,2,23500,0
TRX000521,P0076,1,16500,0
TRX000522,P0024,1,12000,2000
TRX000522,P0021,1,28000,3000
TRX000522,P0048,1,90000,0
TRX000523,P0059,2,61000,0
TRX000523,P0019,1,25000,1000
TRX000524,P0074,1,7000,0
TRX000524,P0078,2,18000,0
TRX000524,P0019,2,24500,0
TRX000524,P0063,2,19000,0
TRX000525,P0001,4,3500,0
TRX000525,P0011,2,4000,0
TRX000525,P0042,1,98000,0
TRX000525,P0033,1,21000,0
TRX000525,P0028,5,18000,0
TRX000525,P0075,2,11000,0
TRX000526,P0002,1,74000,0
TRX000526,P0020,3,9000,0
TRX000526,P0026,2,35000,0
TRX000526,P0007,2,14500,0
TRX000526,P0073,2,15500,0
TRX000527,P0020,2,9000,2000
TRX000527,P0066,1,37500,0
TRX000527,P0028,2,18500,0
TRX000528,P0032,2,23500,0
TRX000528,P0001,1,3500,0
TRX000528,P0005,4,19500,0
TRX000529,P0036,1,32000,0
TRX000529,P0043,1,191500,0
TRX000529,P0052,1,133500,0
TRX000530,P0040,1,25000,0
TRX000531,P0020,3,8500,0
TRX000531,P0071,1,12500,0
TRX000531,P0012,4,6500,0
TRX000531,P0053,1,46000,0
TRX000531,P0018,1,9000,0
TRX000531,P0078,2,18000,2000
TRX000532,P0071,1,12500,0
TRX000532,P0060,1,26000,0
TRX000532,P0011,1,4000,0
TRX000533,P0032,1,23500,0
TRX000533,P0035,1,14500,0
TRX000533,P0002,1,72000,0
TRX000533,P0025,2,29500,0
TRX000533,P0018,1,9000,0
TRX000534,P0035,2,15000,0
TRX000534,P0019,2,24500,2500
TRX000534,P0030,1,9500,0
TRX000534,P0005,1,20000,0
TRX000534,P0060,1,26000,0
TRX000535,P0009,3,23500,0
TRX000535,P0020,1,8500,0
TRX000536,P0014,3,21000,0
TRX000536,P0024,1,12000,0
TRX000536,P0048,2,90000,18000
TRX000536,P0008,1,12500,0
TRX000537,P0065,1,24000,0
TRX000537,P0029,2,21500,0
TRX000537,P0033,1,21000,0
TRX000537,P0021,1,27500,0
TRX000538,P0026,1,34000,5000
TRX000538,P0005,1,19500,0
TRX000538,P0056,1,48000,0
TRX000538,P0040,1,24000,1000
TRX000539,P0021,1,27500,1500
TRX000539,P0012,1,6500,0
TRX000540,P0001,1,3500,0
TRX000540,P0029,1,22500,0
TRX000540,P0002,1,74500,0
TRX000541,P0012,1,6500,0
TRX000541,P0077,1,23000,0
TRX000541,P0068,1,71500,0
TRX000541,P0017,1,8000,0
TRX000541,P0021,2,28500,0
TRX000541,P0010,1,43500,0
TRX000541,P0029,1,22500,0
TRX000542,P0048,2,91500,0
TRX000542,P0033,1,21500,0
TRX000542,P0016,1,18500,2000
TRX000542,P0035,1,15000,1500
TRX000542,P0060,1,26000,0
TRX000542,P0014,2,21500,0
TRX000543,P0030,1,9000,0
TRX000543,P0001,2,3500,0
TRX000543,P0007,3,14000,0
TRX000544,P0069,1,32000,5000
TRX000544,P0037,1,28000,0
TRX000544,P0016,2,18000,0
TRX000545,P0034,1,16000,0
TRX000545,P0010,3,42000,0
TRX000545,P0015,1,32000,0
TRX000545,P0001,1,3500,0
TRX000546,P0039,1,27000,4000
TRX000546,P0015,1,32000,0
TRX000546,P0066,1,36000,0
TRX000547,P0059,1,59500,0
TRX000548,P0003,1,19000,0
TRX000548,P0011,4,4000,0
TRX000549,P0012,3,6500,0
TRX000549,P0080,5,14500,0
TRX000549,P0078,4,17500,0
TRX000549,P0003,1,18500,0
TRX000550,P0001,2,3500,0
TRX000550,P0011,1,4000,0
TRX000550,P0019,2,24500,5000
TRX000551,P0015,4,32500,0
TRX000551,P0026,5,34500,0
TRX000551,P0014,2,21000,0
TRX000551,P0001,1,3500,500
TRX000552,P0019,1,24500,0
TRX000552,P0005,1,20000,0
TRX000552,P0018,2,9500,2000
TRX000553,P0064,1,22000,0
TRX000553,P0040,1,24000,0
TRX000553,P0028,3,18000,8000
TRX000553,P0018,1,9000,0
TRX000553,P0009,2,23000,0
TRX000553,P0007,5,14000,0
TRX000554,P0073,3,15000,0
TRX000554,P0041,1,45000,0
TRX000554,P0064,1,22000,0
TRX000554,P0048,1,89000,13500
TRX000554,P0032,1,23500,1000
TRX000555,P0010,1,42500,0
TRX000555,P0042,2,99000,0
TRX000556,P0079,5,8500,0
TRX000556,P0076,2,16500,0
TRX000556,P0002,3,74000,0
TRX000556,P0011,1,4000,0
TRX000556,P0009,1,23500,2500
TRX000556,P0021,1,28000,0
TRX000557,P0071,1,12000,0
TRX000557,P0015,1,32500,0
TRX000557,P0020,2,8500,0
TRX000557,P0036,1,31500,4500
TRX000558,P0020,1,8500,0
TRX000558,P0006,1,17000,0
TRX000558,P0003,2,19000,0
TRX000558,P0001,3,3500,1000
TRX000559,P0028,3,18500,0
TRX000559,P0015,1,33000,0
TRX000559,P0050,1,77000,0
TRX000559,P0011,1,4000,500
TRX000560,P0015,1,32000,0
TRX000560,P0028,1,18000,0
TRX000560,P0040,1,24000,0
TRX000560,P0004,1,27500,4000
TRX000561,P0046,2,65000,0
TRX000561,P0020,1,8500,0
TRX000562,P0031,1,19000,2000
TRX000562,P0046,2,67000,0
TRX000563,P0013,1,29500,3000
TRX000563,P0064,3,23000,0
TRX000563,P0004,2,28500,0
TRX000563,P0031,1,19000,2000
TRX000563,P0033,1,21500,0
TRX000564,P0026,1,34500,0
TRX000564,P0055,1,55500,0
TRX000564,P0040,1,24000,0
TRX000565,P0024,1,12000,0
TRX000565,P0080,1,14500,0
TRX000565,P0029,1,21500,2000
TRX000565,P0014,1,21000,3000
TRX000565,P0003,3,18500,0
TRX000565,P0008,1,12500,1000
TRX000565,P0004,1,27500,0
TRX000566,P0031,1,19000,2000
TRX000566,P0017,2,7500,0
TRX000566,P0016,2,18500,0
TRX000567,P0066,2,37500,0
TRX000567,P0034,1,16500,0
TRX000567,P0073,2,15500,0
TRX000567,P0005,2,20000,0
TRX000567,P0016,1,18500,3000
TRX000568,P0038,1,9000,0
TRX000568,P0022,3,6500,0
TRX000568,P0067,2,28000,0
TRX000568,P0054,1,67000,6500
TRX000569,P0016,2,18500,0
TRX000569,P0071,3,12500,4000
TRX000569,P0009,2,24000,2500
TRX000569,P0033,1,21500,0
TRX000569,P0020,1,9000,0
TRX000569,P0030,5,9500,0
TRX000569,P0069,2,33000,0
TRX000570,P0041,1,45500,0
TRX000570,P0039,1,27500,0
TRX000570,P0034,3,16000,0
TRX000570,P0077,1,22000,1000
TRX000570,P0005,2,19500,6000
TRX000570,P0014,1,21000,0
TRX000571,P0006,1,16500,0
TRX000571,P0068,1,69500,0
TRX000571,P0012,1,6500,0
TRX000571,P0010,1,42500,0
TRX000571,P0023,2,15500,0
TRX000571,P0020,4,8500,0
TRX000571,P0014,1,21000,0
TRX000572,P0010,4,43500,0
TRX000572,P0038,1,9000,1000
TRX000572,P0016,4,18500,0
TRX000573,P0065,1,24000,0
TRX000573,P0077,5,22000,0
TRX000573,P0002,1,72500,0
TRX000573,P0014,2,21000,0
TRX000573,P0029,1,21500,2000
TRX000573,P0055,1,55500,0
TRX000574,P0001,3,3500,0
TRX000574,P0028,2,18500,0
TRX000574,P0060,2,26000,5000
TRX000574,P0006,2,17000,0
TRX000575,P0053,1,46500,0
TRX000575,P0077,2,23000,0
TRX000575,P0041,2,46500,0
TRX000576,P0013,1,29500,0
TRX000576,P0018,1,9500,0
TRX000576,P0017,1,7500,0
TRX000576,P0052,1,133000,0
TRX000576,P0022,2,6500,0
TRX000577,P0043,1,189500,0
TRX000577,P0040,1,24500,0
TRX000578,P0044,2,128000,0
TRX000578,P0001,1,3500,0
TRX000578,P0011,1,4000,0
TRX000578,P0056,2,49000,0
TRX000578,P0067,1,27500,1500
TRX000578,P0066,1,37000,0
TRX000579,P0020,1,8500,0
TRX000579,P0006,1,17000,1500
TRX000579,P0021,1,28000,0
TRX000579,P0036,1,32000,0
TRX000579,P0022,2,6500,500
TRX000579,P0028,2,18500,0
TRX000579,P0009,3,23500,0
TRX000579,P0003,2,19000,4000
TRX000580,P0061,2,53500,0
TRX000580,P0045,1,180000,18000
TRX000580,P0026,1,35000,0
TRX000580,P0016,1,18500,0
TRX000580,P0043,1,190500,0
TRX000580,P0078,1,18000,2500
TRX000580,P0068,2,71000,0
TRX000581,P0037,2,28000,0
TRX000581,P0074,1,7000,0
TRX000581,P0063,2,18500,0
TRX000581,P0012,3,6500,2000
TRX000581,P0061,1,52000,0
TRX000582,P0020,1,8500,0
TRX000582,P0063,1,18500,2000
TRX000582,P0035,1,14500,0
TRX000582,P0017,5,7500,0
TRX000583,P0017,1,7500,0
TRX000583,P0037,1,28000,0
TRX000583,P0015,1,32000,0
TRX000583,P0073,3,15000,4500
TRX000584,P0015,2,32000,0
TRX000584,P0047,1,215000,0
TRX000584,P0028,1,18000,0
TRX000584,P0005,2,19500,0
TRX000585,P0002,1,74500,7500
TRX000585,P0033,1,21500,0
TRX000585,P0017,1,8000,0
TRX000585,P0004,1,28500,0
TRX000586,P0029,2,21500,0
TRX000586,P0019,1,24000,0
TRX000586,P0037,1,28000,0
TRX000586,P0018,1,9000,0
TRX000586,P0016,3,18000,0
TRX000587,P0077,2,22000,0
TRX000587,P0018,4,9000,0
TRX000587,P0064,1,22000,0
TRX000587,P0001,1,3500,0
TRX000588,P0047,3,215000,0
TRX000588,P0068,1,69000,0
TRX000588,P0031,1,18500,0
TRX000589,P0044,1,126000,0
TRX000589,P0036,1,31500,0
TRX000590,P0040,1,24000,0
TRX000590,P0021,1,27500,0
TRX000590,P0038,1,8500,0
TRX000590,P0041,1,45000,0
TRX000590,P0003,2,18500,0
TRX000591,P0018,1,9000,0
TRX000591,P0068,1,69000,0
TRX000591,P0045,2,175000,0
TRX000591,P0013,1,28500,0
TRX000592,P0017,1,7500,0
TRX000592,P0003,2,18500,0
TRX000592,P0001,1,3500,0
TRX000593,P0036,1,32000,0
TRX000593,P0046,2,67000,0
TRX000593,P0033,1,21500,0
TRX000593,P0067,1,28000,4000
TRX000593,P0019,1,24500,0
TRX000594,P0061,1,52500,2500
TRX000594,P0027,1,25000,0
TRX000594,P0071,1,12000,0
TRX000594,P0020,1,8500,0
TRX000594,P0040,1,24000,0
TRX000595,P0002,2,72000,0
TRX000595,P0026,1,34000,0
TRX000596,P0031,1,19000,0
TRX000596,P0005,2,20000,0
TRX000596,P0043,1,189500,0
TRX000596,P0047,1,220500,0
TRX000596,P0010,5,43000,21500
TRX000597,P0015,1,33000,5000
TRX000597,P0018,2,9500,0
TRX000597,P0075,2,11500,0
TRX000597,P0039,1,28000,0
TRX000598,P0071,5,12500,0
TRX000598,P0022,4,6500,0
TRX000598,P0005,1,20000,0
TRX000598,P0003,1,19000,0
TRX000599,P0071,1,12500,0
TRX000599,P0056,1,49500,0
TRX000599,P0021,1,28500,0
TRX000599,P0022,1,6500,0
TRX000599,P0024,1,12500,0
TRX000600,P0010,2,42000,12500
TRX000600,P0006,1,16500,0
TRX000601,P0009,1,23000,0
TRX000601,P0034,2,16000,0
TRX000602,P0061,1,52500,0
TRX000602,P0041,1,45500,0
TRX000602,P0017,3,7500,0
TRX000603,P0050,1,77000,0
TRX000603,P0003,1,19000,0
TRX000603,P0038,2,8500,0
TRX000603,P0006,1,17000,1000
TRX000603,P0020,1,8500,0
TRX000604,P0025,2,29500,0
TRX000604,P0008,3,12500,4000
TRX000605,P0079,1,8500,0
TRX000605,P0004,1,28000,0
TRX000605,P0072,2,18000,0
TRX000605,P0030,2,9000,2500
TRX000605,P0006,2,16500,0
TRX000606,P0045,1,179500,0
TRX000606,P0015,2,33000,10000
TRX000606,P0038,2,8500,0
TRX000606,P0024,2,12500,0
TRX000606,P0017,5,7500,0
TRX000606,P0014,1,21500,0
TRX000607,P0016,1,18000,0
TRX000608,P0035,1,14500,0
TRX000608,P0051,1,80000,12000
TRX000608,P0014,2,21000,0
TRX000609,P0059,1,60500,0
TRX000609,P0003,4,19000,0
TRX000609,P0047,1,220500,0
TRX000609,P0042,1,100500,0
TRX000610,P0048,1,92000,0
TRX000610,P0002,1,74500,7500
TRX000611,P0013,3,29000,4500
TRX000611,P0001,1,3500,0
TRX000612,P0030,1,9500,1500
TRX000612,P0033,1,21500,0
TRX000612,P0055,1,57000,0
TRX000612,P0018,1,9500,0
TRX000612,P0005,5,20000,15000
TRX000612,P0019,1,25000,0
TRX000612,P0035,1,15000,0
TRX000613,P0018,3,9500,0
TRX000613,P0027,1,26000,0
TRX000613,P0052,1,133000,0
TRX000613,P0009,2,23500,0
TRX000613,P0036,1,32000,0
TRX000613,P0026,2,35000,0
TRX000614,P0061,2,52500,16000
TRX000614,P0073,5,15000,7500
TRX000614,P0060,1,25000,0
TRX000614,P0080,1,14500,0
TRX000615,P0078,5,17500,0
TRX000615,P0004,1,28000,0
TRX000615,P0021,3,28000,8500
TRX000615,P0022,1,6500,0
TRX000616,P0072,1,18000,2000
TRX000616,P0007,1,14000,0
TRX000616,P0044,2,126000,12500
TRX000616,P0029,2,21500,0
TRX000616,P0076,1,16000,0
TRX000617,P0020,2,9000,1000
TRX000617,P0031,2,19000,0
TRX000617,P0002,1,74000,0
TRX000617,P0063,1,19000,0
TRX000617,P0008,3,13000,2000
TRX000617,P0051,1,81500,0
TRX000618,P0008,1,13000,0
TRX000618,P0071,1,12500,0
TRX000618,P0072,1,18500,0
TRX000618,P0021,2,28500,0
TRX000619,P0042,1,100500,0
TRX000620,P0006,2,17000,0
TRX000620,P0070,2,15500,0
TRX000620,P0077,1,22500,0
TRX000620,P0001,2,3500,0
TRX000620,P0015,1,33000,0
TRX000621,P0043,1,185000,0
TRX000621,P0064,1,22000,0
TRX000621,P0040,1,24000,0
TRX000621,P0002,1,72000,0
TRX000622,P0008,2,13000,0
TRX000622,P0004,2,28000,8500
TRX000622,P0018,2,9000,0
TRX000622,P0041,1,46000,0
TRX000623,P0021,1,27500,0
TRX000623,P0023,2,15500,0
TRX000623,P0029,2,21500,0
TRX000624,P0025,2,30500,0
TRX000624,P0039,1,28000,0
TRX000624,P0020,1,9000,0
TRX000625,P0013,1,29000,0
TRX000625,P0068,1,69500,10500
TRX000626,P0035,1,15000,0
TRX000626,P0028,1,18500,0
TRX000626,P0048,1,91500,0
TRX000627,P0058,1,72000,0
TRX000627,P0019,2,24000,0
TRX000627,P0031,1,18500,0
TRX000627,P0022,3,6500,0
TRX000628,P0009,1,23500,0
TRX000628,P0019,2,24500,0
TRX000628,P0056,1,49500,0
TRX000628,P0054,1,67000,0
TRX000629,P0044,1,125000,0
TRX000629,P0024,1,12000,0
TRX000629,P0077,2,22000,0
TRX000630,P0008,2,12500,0
TRX000631,P0001,2,3500,0
TRX000631,P0011,2,4000,0
TRX000631,P0026,1,35000,0
TRX000631,P0077,5,22500,0
TRX000631,P0024,1,12500,0
TRX000632,P0003,1,18500,1000
TRX000632,P0074,3,7000,3000
TRX000632,P0020,3,8500,1500
TRX000633,P0060,1,26000,0
TRX000633,P0058,1,74000,0
TRX000633,P0011,1,4000,0
TRX000633,P0001,5,3500,0
TRX000633,P0013,1,29500,0
TRX000634,P0040,1,24500,0
TRX000634,P0025,3,30000,9000
TRX000634,P0006,2,17000,0
TRX000634,P0055,1,56500,0
TRX000634,P0057,2,87000,8500
TRX000635,P0003,3,18500,0
TRX000635,P0031,1,18500,1000
TRX000635,P0004,1,28000,1500
TRX000635,P0011,2,4000,0
TRX000636,P0028,2,18500,0
TRX000636,P0002,1,74000,0
TRX000636,P0019,2,24500,0
TRX000636,P0040,1,24500,2500
TRX000636,P0033,3,21500,0
TRX000637,P0006,4,17000,0
TRX000637,P0080,2,15000,0
TRX000637,P0024,1,12500,0
TRX000638,P0002,4,72500,0
TRX000638,P0008,1,12500,0
TRX000638,P0037,1,28500,0
TRX000638,P0009,1,23000,0
TRX000638,P0052,1,130500,6500
TRX000638,P0024,1,12000,0
TRX000638,P0032,1,23500,0
TRX000639,P0025,1,29500,1500
TRX000639,P0033,1,21000,0
TRX000639,P0067,1,27000,0
TRX000639,P0056,1,48000,0
TRX000639,P0001,1,3500,0
TRX000639,P0017,2,7500,0
TRX000639,P0014,3,21000,6500
TRX000640,P0019,2,24000,0
TRX000640,P0012,1,6500,0
TRX000640,P0048,1,90000,0
TRX000640,P0074,1,7000,0
TRX000640,P0021,1,28000,0
TRX000641,P0012,4,6500,0
TRX000641,P0022,1,6500,0
TRX000641,P0068,1,71000,0
TRX000641,P0014,1,21500,0
TRX000641,P0034,2,16500,0
TRX000641,P0006,4,17000,0
TRX000641,P0073,5,15500,0
TRX000642,P0074,1,7000,500
TRX000642,P0014,2,21000,0
TRX000642,P0073,2,15000,3000
TRX000642,P0040,1,24000,0
TRX000643,P0018,1,9000,0
TRX000643,P0016,3,18000,0
TRX000643,P0009,2,23000,0
TRX000643,P0071,1,12000,500
TRX000644,P0005,1,19500,2000
TRX000644,P0038,1,8500,0
TRX000644,P0050,1,76000,0
TRX000644,P0019,4,24000,0
TRX000644,P0017,1,7500,500
TRX000644,P0001,1,3500,0
TRX000644,P0011,3,4000,0
TRX000644,P0059,2,59500,0
TRX000645,P0022,1,6500,0
TRX000645,P0040,1,24500,2500
TRX000645,P0010,3,43500,0
TRX000645,P0044,1,129000,0
TRX000645,P0019,2,24500,0
TRX000645,P0037,3,29000,0
TRX000645,P0064,1,22500,0
TRX000646,P0072,1,18000,0
TRX000646,P0026,2,34000,7000
TRX000646,P0066,1,36000,0
TRX000646,P0019,2,24000,0
TRX000646,P0006,4,16500,0
TRX000647,P0012,3,6500,0
TRX000647,P0005,1,19500,0
TRX000647,P0051,1,79000,0
TRX000647,P0031,1,18500,0
TRX000647,P0021,1,27500,4000
TRX000647,P0022,1,6500,0
TRX000647,P0078,1,17500,1000
TRX000647,P0010,3,42000,0
TRX000648,P0060,1,26000,0
TRX000649,P0079,1,8500,0
TRX000649,P0014,1,21000,0
TRX000649,P0021,1,27500,0
TRX000650,P0014,1,21000,0
TRX000650,P0026,1,34500,0
TRX000650,P0031,1,18500,2000
TRX000650,P0011,1,4000,0
TRX000651,P0033,1,21500,0
TRX000651,P0018,2,9000,0
TRX000651,P0001,4,3500,0
TRX000651,P0011,1,4000,0
TRX000651,P0048,1,91000,0
TRX000652,P0009,1,23500,1000
TRX000652,P0028,1,18500,0
TRX000653,P0026,1,35000,0
TRX000653,P0029,3,22000,0
TRX000653,P0040,1,24500,0
TRX000653,P0035,1,15000,0
TRX000653,P0055,2,56500,0
TRX000654,P0027,1,25000,0
TRX000654,P0050,1,75000,0
TRX000654,P0033,1,21000,2000
TRX000654,P0007,2,14000,0
TRX000655,P0006,1,16500,0
TRX000655,P0023,5,15500,0
TRX000655,P0020,2,8500,2500
TRX000656,P0009,1,23500,0
TRX000656,P0039,1,27500,0
TRX000656,P0003,5,19000,0
TRX000656,P0008,1,13000,2000
TRX000656,P0041,2,46000,4500
TRX000657,P0004,1,28000,0
TRX000658,P0005,4,19500,8000
TRX000658,P0050,3,75000,0
TRX000658,P0044,1,125000,0
TRX000658,P0001,2,3500,0
TRX000659,P0010,2,43500,13000
TRX000659,P0068,2,71000,0
TRX000659,P0036,2,32000,0
TRX000659,P0042,2,101000,0
TRX000660,P0069,1,33000,0
TRX000660,P0038,1,9000,0
TRX000660,P0025,1,30500,1500
TRX000661,P0003,5,19000,0
TRX000661,P0006,1,17000,0
TRX000661,P0052,2,132000,0
TRX000662,P0014,1,21000,0
TRX000662,P0061,1,52000,0
TRX000662,P0002,3,72000,0
TRX000662,P0051,1,79000,0
TRX000663,P0035,1,15000,0
TRX000663,P0023,1,16000,2500
TRX000663,P0020,2,9000,2000
TRX000663,P0002,1,74500,0
TRX000664,P0001,3,3500,0
TRX000664,P0050,1,77000,7500
TRX000664,P0019,2,24500,0
TRX000664,P0004,1,28500,0
TRX000664,P0013,3,29500,0
TRX000665,P0023,1,15500,0
TRX000665,P0065,2,24000,0
TRX000665,P0062,2,78000,0
TRX000666,P0064,1,22000,0
TRX000667,P0016,1,18000,0
TRX000667,P0003,1,18500,0
TRX000667,P0010,2,42500,0
TRX000667,P0052,1,130500,0
TRX000668,P0025,5,29500,0
TRX000668,P0056,1,48000,2500
TRX000669,P0018,2,9000,0
TRX000669,P0005,1,20000,1000
TRX000669,P0046,1,66500,0
TRX000669,P0008,1,13000,0
TRX000669,P0011,2,4000,0
TRX000670,P0064,1,22500,0
TRX000670,P0069,1,33000,0
TRX000670,P0013,1,29500,0
TRX000670,P0020,1,9000,0
TRX000670,P0066,1,37000,0
TRX000671,P0002,1,74000,0
TRX000671,P0039,1,28000,0
TRX000671,P0003,4,19000,0
TRX000671,P0033,1,21500,0
TRX000672,P0054,1,65500,0
TRX000672,P0062,1,79000,0
TRX000673,P0040,1,25000,2500
TRX000673,P0023,4,16000,0
TRX000673,P0035,1,15000,0
TRX000674,P0072,1,18000,0
TRX000674,P0043,1,185000,0
TRX000674,P0036,1,31000,0
TRX000674,P0014,1,21000,0
TRX000674,P0033,1,21000,0
TRX000674,P0016,2,18000,0
TRX000674,P0009,1,23000,0
TRX000674,P0001,1,3500,500
TRX000675,P0030,1,9000,1000
TRX000675,P0040,1,24500,0
TRX000675,P0047,1,220500,11000
TRX000675,P0057,2,87000,0
TRX000676,P0079,1,9000,1000
TRX000676,P0045,1,181000,0
TRX000676,P0066,1,37500,0
TRX000676,P0018,1,9500,1500
TRX000677,P0080,1,15000,0
TRX000677,P0040,1,24500,0
TRX000677,P0002,1,74000,0
TRX000677,P0069,1,33000,5000
TRX000677,P0022,4,6500,0
TRX000678,P0067,1,27500,0
TRX000678,P0027,2,25000,0
TRX000678,P0037,1,28500,4500
TRX000678,P0034,1,16000,0
TRX000678,P0028,1,18000,0
TRX000679,P0063,1,19000,0
TRX000679,P0067,1,28000,3000
TRX000680,P0063,1,19000,0
TRX000680,P0076,2,16500,0
TRX000680,P0074,2,7000,0
TRX000680,P0002,1,74000,0
TRX000680,P0072,3,18500,0
TRX000680,P0010,1,43500,2000
TRX000681,P0009,3,23500,0
TRX000681,P0007,2,14500,0
TRX000681,P0028,2,18500,0
TRX000681,P0003,1,19000,0
TRX000682,P0018,1,9000,0
TRX000682,P0055,1,55000,0
TRX000682,P0010,1,42000,0
TRX000682,P0026,3,34000,0
TRX000683,P0019,1,24500,0
TRX000683,P0025,2,30500,0
TRX000683,P0032,1,24000,0
TRX000683,P0006,1,17000,2500
TRX000684,P0050,1,77500,0
TRX000684,P0075,1,11500,0
TRX000684,P0022,2,6500,0
TRX000684,P0078,2,18000,0
TRX000685,P0058,1,74000,0
TRX000686,P0031,2,18500,0
TRX000686,P0055,1,55000,0
TRX000686,P0067,1,27000,0
TRX000686,P0050,1,75000,0
TRX000687,P0020,1,9000,0
TRX000687,P0018,1,9500,0
TRX000687,P0001,2,3500,0
TRX000687,P0017,2,7500,0
TRX000687,P0065,1,24500,0
TRX000687,P0056,1,49500,0
TRX000687,P0006,1,17000,2500
TRX000687,P0005,5,20000,5000
TRX000688,P0026,1,34500,0
TRX000688,P0019,3,24000,0
TRX000688,P0033,1,21000,0
TRX000688,P0071,1,12000,0
TRX000688,P0004,3,28000,0
TRX000688,P0054,1,65500,0
TRX000689,P0077,2,22500,0
TRX000689,P0021,3,28000,0
TRX000690,P0039,2,27500,3000
TRX000690,P0013,2,29000,0
TRX000691,P0020,1,8500,0
TRX000692,P0034,1,16000,0
TRX000692,P0053,1,45000,0
TRX000692,P0018,1,9000,0
TRX000692,P0021,2,27500,0
TRX000693,P0031,1,19000,0
TRX000694,P0035,1,14500,0
TRX000694,P0007,1,14000,0
TRX000694,P0054,1,65500,0
TRX000695,P0017,2,7500,0
TRX000695,P0012,2,6500,0
TRX000695,P0075,1,11000,0
TRX000695,P0029,2,21500,6500
TRX000696,P0013,1,28500,0
TRX000696,P0073,3,15000,0
TRX000696,P0040,2,24000,0
TRX000696,P0053,1,45000,0
TRX000696,P0033,1,21000,0
TRX000696,P0029,1,21500,0
TRX000696,P0050,1,75000,0
TRX000697,P0009,2,23500,2500
TRX000697,P0053,1,46000,0
TRX000697,P0032,1,24000,0
TRX000698,P0017,2,8000,0
TRX000698,P0038,2,9000,0
TRX000698,P0011,3,4000,0
TRX000699,P0009,2,23500,0
TRX000699,P0079,1,8500,1000
TRX000699,P0013,2,29000,0
TRX000699,P0014,2,21500,0
TRX000699,P0003,2,19000,4000
TRX000700,P0037,1,29000,0
TRX000700,P0009,1,24000,0
TRX000700,P0071,3,12500,0
TRX000701,P0031,2,19000,5500
TRX000701,P0002,1,74000,0
TRX000701,P0034,1,16500,0
TRX000701,P0027,3,26000,0
TRX000701,P0017,1,7500,0
TRX000701,P0014,3,21500,0
TRX000702,P0010,3,43000,0
TRX000702,P0023,3,16000,0
TRX000702,P0073,3,15500,2500
TRX000702,P0009,4,23500,0
TRX000703,P0027,3,26000,0
TRX000703,P0079,2,9000,0
TRX000703,P0046,1,67000,0
TRX000703,P0030,2,9500,0
TRX000704,P0004,1,28500,0
TRX000704,P0025,2,30500,0
TRX000705,P0003,1,18500,0
TRX000705,P0037,1,28500,1500
TRX000705,P0040,1,24000,0
TRX000705,P0067,1,27500,0
TRX000705,P0019,1,24000,3500
TRX000705,P0009,2,23000,0
TRX000706,P0025,1,30500,0
TRX000706,P0070,1,15500,2500
TRX000707,P0034,1,16500,0
TRX000707,P0021,1,28500,0
TRX000708,P0056,1,48500,7500
TRX000708,P0038,2,8500,0
TRX000708,P0020,1,8500,0
TRX000708,P0006,4,16500,0
TRX000708,P0030,1,9000,1500
TRX000708,P0068,2,69500,0
TRX000709,P0013,1,28500,0
TRX000709,P0067,1,27000,0
TRX000709,P0056,1,48000,0
TRX000709,P0017,2,7500,1000
TRX000710,P0019,1,24000,0
TRX000710,P0002,1,72000,0
TRX000710,P0021,1,27500,0
TRX000710,P0063,1,18500,0
TRX000710,P0005,1,19500,0
TRX000711,P0031,1,18500,3000
TRX000711,P0015,5,32000,0
TRX000711,P0071,1,12000,0
TRX000711,P0034,1,16000,2500
TRX000712,P0001,1,3500,500
TRX000712,P0011,1,4000,0
TRX000712,P0010,2,43500,0
TRX000712,P0017,2,8000,0
TRX000712,P0052,1,133500,0
TRX000713,P0030,2,9000,0
TRX000713,P0054,1,65000,6500
TRX000713,P0014,1,21000,0
TRX000714,P0007,1,14500,0
TRX000714,P0063,2,19000,0
TRX000714,P0045,1,181000,0
TRX000715,P0004,2,28000,0
TRX000715,P0023,1,16000,0
TRX000715,P0064,1,22500,0
TRX000716,P0004,1,27500,0
TRX000716,P0013,2,28500,5500
TRX000717,P0022,1,6500,0
TRX000717,P0021,3,28500,0
TRX000717,P0032,1,24500,0
TRX000717,P0005,1,20000,0
TRX000718,P0058,1,72500,0
TRX000718,P0080,1,14500,0
TRX000718,P0036,1,31500,0
TRX000719,P0077,1,23000,0
TRX000719,P0061,1,54000,0
TRX000719,P0018,1,9500,0
TRX000720,P0007,1,14000,0
TRX000720,P0019,1,24000,3500
TRX000720,P0020,1,8500,0
TRX000721,P0034,2,16000,0
TRX000721,P0027,1,25000,2500
TRX000721,P0030,1,9000,0
TRX000722,P0061,2,52500,0
TRX000722,P0054,1,65500,10000
TRX000722,P0014,1,21000,0
TRX000722,P0021,2,28000,0
TRX000723,P0045,1,177000,0
TRX000723,P0077,2,22000,0
TRX000723,P0005,1,19500,0
TRX000724,P0016,1,18000,0
TRX000724,P0018,1,9000,0
TRX000724,P0003,1,18500,2000
TRX000725,P0046,1,66500,0
TRX000725,P0071,1,12500,0
TRX000725,P0039,1,27500,0
TRX000725,P0080,1,15000,0
TRX000725,P0062,1,80000,0
TRX000725,P0063,1,19000,0
TRX000725,P0029,1,22000,0
TRX000726,P0047,1,220500,0
TRX000726,P0008,2,13000,0
TRX000726,P0036,1,32000,1500
TRX000726,P0064,1,22500,0
TRX000726,P0012,1,6500,0
TRX000726,P0071,1,12500,0
TRX000727,P0068,1,71000,0
TRX000728,P0051,1,81500,0
TRX000728,P0002,1,74000,0
TRX000729,P0005,5,19500,0
TRX000729,P0029,2,21500,0
TRX000730,P0074,1,7000,0
TRX000731,P0043,2,185000,0
TRX000731,P0049,1,35000,0
TRX000731,P0006,3,16500,5000
TRX000731,P0055,2,55000,0
TRX000731,P0003,1,18500,0
TRX000731,P0046,2,65000,13000
TRX000732,P0011,1,4000,0
TRX000732,P0066,1,37000,0
TRX000732,P0061,1,53500,0
TRX000732,P0045,1,179500,0
TRX000733,P0058,2,74500,0
TRX000733,P0038,2,9000,2000
TRX000733,P0031,1,19000,0
TRX000733,P0057,1,88000,0
TRX000733,P0021,1,28500,0
TRX000733,P0005,1,20000,0
TRX000734,P0029,1,22000,0
TRX000735,P0012,1,6500,0
TRX000735,P0055,1,55000,0
TRX000735,P0049,1,35000,0
TRX000735,P0035,1,14500,0
TRX000736,P0062,1,79000,8000
TRX000737,P0017,1,8000,0
TRX000737,P0003,1,19000,0
TRX000737,P0005,4,20000,0
TRX000737,P0026,2,35000,0
TRX000737,P0018,1,9500,0
TRX000738,P0049,1,35500,0
TRX000738,P0008,1,12500,0
TRX000738,P0016,2,18000,0
TRX000738,P0074,2,7000,0
TRX000738,P0064,1,22000,0
TRX000739,P0062,1,80500,0
TRX000739,P0024,1,12500,0
TRX000739,P0049,1,36000,0
TRX000740,P0001,1,3500,0
TRX000740,P0011,1,4000,500
TRX000740,P0005,1,19500,3000
TRX000740,P0017,2,7500,0
TRX000740,P0024,1,12000,0
TRX000740,P0065,1,24000,0
TRX000740,P0019,1,24000,0
TRX000740,P0018,1,9000,0
TRX000741,P0016,2,18000,0
TRX000741,P0018,1,9000,0
TRX000741,P0026,2,34000,0
TRX000741,P0020,1,8500,0
TRX000741,P0079,2,8500,1000
TRX000742,P0021,1,27500,0
TRX000742,P0055,1,55000,0
TRX000742,P0068,1,69000,0
TRX000742,P0028,1,18000,0
TRX000742,P0022,4,6500,4000
TRX000743,P0045,3,175000,0
TRX000743,P0012,1,6500,0
TRX000743,P0060,1,25000,4000
TRX000743,P0073,1,15000,0
TRX000744,P0043,1,191500,0
TRX000744,P0047,1,222500,0
TRX000744,P0013,1,29500,0
TRX000745,P0061,1,53500,8000
TRX000745,P0031,1,19000,2000
TRX000745,P0080,1,15000,1500
TRX000746,P0008,2,13000,0
TRX000746,P0055,1,56500,0
TRX000746,P0043,1,189500,0
TRX000746,P0061,1,53500,8000
TRX000746,P0025,1,30000,0
TRX000747,P0021,2,28500,0
TRX000747,P0002,1,74000,0
TRX000747,P0051,1,81500,0
TRX000747,P0063,1,19000,0
TRX000748,P0051,1,82000,0
TRX000748,P0033,1,21500,0
TRX000748,P0011,2,4000,0
TRX000748,P0080,1,15000,0
TRX000748,P0012,1,6500,0
TRX000749,P0040,1,24000,0
TRX000749,P0071,1,12000,0
TRX000749,P0011,1,4000,0
TRX000749,P0012,1,6500,0
TRX000750,P0036,1,31000,0
TRX000751,P0026,2,35000,0
TRX000751,P0050,1,77500,0
TRX000751,P0073,2,15500,0
TRX000751,P0015,1,33000,0
TRX000751,P0019,1,25000,0
TRX000751,P0046,1,67500,7000
TRX000752,P0021,1,27500,0
TRX000752,P0022,1,6500,0
TRX000752,P0067,1,27000,2500
TRX000752,P0058,1,72000,3500
TRX000752,P0009,1,23000,0
TRX000753,P0059,1,60500,0
TRX000753,P0015,1,33000,0
TRX000753,P0001,2,3500,0
TRX000753,P0039,2,27500,0
TRX000754,P0035,1,14500,0
TRX000754,P0079,2,8500,0
TRX000754,P0024,1,12000,0
TRX000754,P0037,1,28000,0
TRX000755,P0006,2,17000,0
TRX000755,P0052,1,132000,0
TRX000755,P0020,2,8500,0
TRX000755,P0030,1,9000,0
TRX000756,P0010,1,43500,0
TRX000756,P0056,2,49500,0
TRX000756,P0040,2,25000,2500
TRX000756,P0027,2,26000,8000
TRX000756,P0009,1,24000,0
TRX000756,P0048,2,92000,0
TRX000757,P0035,1,15000,0
TRX000757,P0013,2,29500,0
TRX000757,P0054,1,67500,0
TRX000758,P0050,2,77000,0
TRX000758,P0007,1,14500,0
TRX000758,P0018,5,9000,7000
TRX000758,P0014,1,21500,0
TRX000758,P0068,1,70500,0
TRX000758,P0061,1,53500,0
TRX000758,P0020,2,8500,0
TRX000758,P0004,1,28000,0
TRX000759,P0048,2,91500,0
TRX000759,P0031,1,19000,0
TRX000760,P0062,1,78000,0
TRX000760,P0021,1,27500,4000
TRX000760,P0022,5,6500,5000
TRX000760,P0004,4,27500,11000
TRX000761,P0058,1,74000,0
TRX000761,P0054,1,67000,3500
TRX000761,P0009,4,23500,0
TRX000762,P0061,1,52000,0
TRX000762,P0036,1,31000,0
TRX000762,P0013,1,28500,0
TRX000763,P0060,1,26000,0
TRX000763,P0022,5,6500,0
TRX000763,P0046,2,67500,13500
TRX000763,P0003,5,19000,0
TRX000764,P0057,1,85000,0
TRX000764,P0061,1,52000,0
TRX000764,P0005,3,19500,0
TRX000764,P0023,1,15500,0
TRX000765,P0060,1,25000,0
TRX000765,P0003,2,18500,0
TRX000765,P0077,1,22000,1000
TRX000766,P0027,1,26000,0
TRX000767,P0015,2,32000,0
TRX000767,P0075,1,11000,0
TRX000767,P0071,2,12000,0
TRX000767,P0080,3,14500,0
TRX000768,P0050,1,77500,4000
TRX000769,P0021,1,28000,0
TRX000769,P0018,4,9000,0
TRX000769,P0002,2,72500,22000
TRX000769,P0020,1,8500,0
TRX000770,P0007,1,14000,0
TRX000771,P0080,2,15000,0
TRX000771,P0020,1,9000,0
TRX000772,P0020,1,8500,0
TRX000772,P0007,1,14000,0
TRX000772,P0036,1,31000,0
TRX000772,P0033,1,21000,0
TRX000772,P0004,1,27500,0
TRX000773,P0079,1,8500,0
TRX000773,P0009,3,23000,10500
TRX000773,P0007,1,14000,0
TRX000774,P0015,1,32500,0
TRX000774,P0003,2,18500,2000
TRX000774,P0046,1,65500,0
TRX000775,P0033,1,21000,0
TRX000775,P0067,1,27500,1500
TRX000775,P0038,2,8500,0
TRX000775,P0003,2,18500,5500
TRX000775,P0018,3,9000,0
TRX000775,P0019,1,24000,0
TRX000775,P0062,2,79000,0
TRX000776,P0005,1,19500,0
TRX000776,P0018,2,9000,0
TRX000776,P0075,1,11000,0
TRX000776,P0003,2,18500,2000
TRX000776,P0028,1,18000,0
TRX000776,P0041,1,45000,0
TRX000777,P0018,1,9500,0
TRX000777,P0022,2,6500,2000
TRX000777,P0021,3,28500,8500
TRX000777,P0011,1,4000,0
TRX000778,P0012,2,6500,0
TRX000778,P0019,1,24500,0
TRX000778,P0068,1,71000,0
TRX000779,P0036,1,31000,0
TRX000779,P0046,1,65000,0
TRX000779,P0004,2,27500,0
TRX000779,P0002,1,72000,0
TRX000780,P0066,1,36500,0
TRX000780,P0020,1,8500,0
TRX000780,P0033,1,21000,3000
TRX000780,P0015,2,32500,0
TRX000781,P0055,1,56500,8500
TRX000782,P0020,4,9000,0
TRX000782,P0060,1,26000,0
TRX000782,P0029,1,22000,0
TRX000782,P0019,4,24500,0
TRX000782,P0063,1,19000,0
TRX000782,P0043,1,190500,0
TRX000783,P0017,1,7500,1000
TRX000783,P0019,3,24000,0
TRX000783,P0003,1,18500,0
TRX000784,P0022,4,6500,2500
TRX000784,P0061,1,52000,2500
TRX000784,P0008,1,12500,0
TRX000785,P0039,1,28000,0
TRX000785,P0067,2,28000,0
TRX000786,P0004,4,27500,0
TRX000787,P0066,1,36000,0
TRX000787,P0026,3,34000,0
TRX000787,P0041,1,45000,0
TRX000787,P0010,1,42000,4000
TRX000787,P0033,1,21000,0
TRX000787,P0013,1,28500,0
TRX000788,P0010,1,42000,0
TRX000788,P0012,1,6500,0
TRX000788,P0019,4,24000,0
TRX000789,P0061,1,53500,0
TRX000789,P0052,1,132000,0
TRX000789,P0007,1,14500,0
TRX000789,P0012,1,6500,0
TRX000790,P0026,1,35000,3500
TRX000790,P0003,1,19000,0
TRX000790,P0060,1,25500,0
TRX000790,P0045,1,179500,9000
TRX000790,P0078,2,18000,0
TRX000791,P0025,1,30000,0
TRX000791,P0008,5,12500,0
TRX000791,P0003,5,18500,0
TRX000791,P0077,1,22000,0
TRX000791,P0030,5,9000,0
TRX000792,P0004,1,28500,0
TRX000793,P0010,2,42000,0
TRX000793,P0029,2,21500,0
TRX000793,P0009,1,23000,0
TRX000793,P0018,3,9000,0
TRX000793,P0066,1,36000,0
TRX000793,P0034,1,16000,0
TRX000794,P0074,1,7000,0
TRX000794,P0006,1,16500,0
TRX000794,P0011,1,4000,0
TRX000794,P0001,2,3500,0
TRX000794,P0023,1,15500,0
TRX000794,P0017,1,7500,0
TRX000794,P0080,3,14500,0
TRX000795,P0066,2,37500,4000
TRX000796,P0051,1,81500,12000
TRX000797,P0031,1,19000,0
TRX000797,P0040,2,24500,0
TRX000798,P0032,1,23500,0
TRX000798,P0069,1,32000,3000
TRX000798,P0076,1,16000,0
TRX000798,P0011,1,4000,0
TRX000799,P0021,4,28500,0
TRX000799,P0038,2,9000,0
TRX000799,P0026,1,35000,0
TRX000799,P0051,1,81500,4000
TRX000800,P0036,1,32000,0
TRX000800,P0034,1,16500,0
TRX000800,P0016,1,18500,0
TRX000800,P0077,1,23000,0
TRX000800,P0050,1,77500,0
TRX000801,P0038,1,8500,0
TRX000801,P0018,2,9000,0
TRX000802,P0022,1,6500,0
TRX000802,P0021,2,28000,3000
TRX000802,P0048,3,90000,0
TRX000802,P0073,1,15000,1000
TRX000803,P0077,1,22000,3500
TRX000803,P0015,1,32500,0
TRX000803,P0033,3,21000,0
TRX000803,P0026,1,34500,0
TRX000803,P0029,1,21500,0
TRX000803,P0079,2,8500,0
TRX000804,P0033,1,21000,0
TRX000804,P0014,2,21000,0
TRX000804,P0030,3,9000,0
TRX000804,P0011,1,4000,500
TRX000804,P0001,1,3500,0
TRX000804,P0017,1,7500,0
TRX000805,P0016,2,18000,0
TRX000806,P0009,2,23000,0
TRX000807,P0012,2,6500,0
TRX000807,P0014,2,21000,0
TRX000808,P0046,1,65000,0
TRX000809,P0003,2,19000,5500
TRX000809,P0039,1,28000,0
TRX000809,P0059,1,61000,9000
TRX000809,P0009,2,23500,7000
TRX000809,P0020,3,9000,0
TRX000810,P0002,3,74000,0
TRX000810,P0054,1,67000,0
TRX000810,P0035,1,15000,0
TRX000811,P0026,1,35000,0
TRX000811,P0048,1,91500,4500
TRX000811,P0071,1,12500,0
TRX000812,P0043,1,185000,0
TRX000812,P0050,1,75000,0
TRX000812,P0062,1,78000,0
TRX000812,P0035,1,14500,0
TRX000812,P0038,2,8500,0
TRX000812,P0019,1,24000,0
TRX000813,P0076,1,16500,0
TRX000813,P0017,2,7500,0
TRX000814,P0078,1,18000,0
TRX000815,P0012,2,6500,0
TRX000815,P0004,2,28500,0
TRX000815,P0027,1,26000,0
TRX000815,P0063,1,19000,0
TRX000815,P0008,1,13000,500
TRX000816,P0009,1,23000,0
TRX000816,P0036,1,31000,0
TRX000816,P0014,1,21000,0
TRX000816,P0019,2,24000,0
TRX000816,P0053,1,45000,0
TRX000817,P0079,2,8500,0
TRX000817,P0004,1,28000,3000
TRX000817,P0077,3,22000,0
TRX000817,P0076,1,16000,0
TRX000818,P0066,2,36000,0
TRX000818,P0032,1,23500,0
TRX000819,P0054,2,65000,0
TRX000819,P0053,1,45000,4500
TRX000819,P0027,1,25000,0
TRX000819,P0049,1,35000,5000
TRX000820,P0037,1,28000,0
TRX000820,P0034,1,16000,0
TRX000820,P0067,1,27000,0
TRX000820,P0065,1,24000,0
TRX000821,P0026,1,34000,0
TRX000821,P0051,1,79000,0
TRX000822,P0015,1,32500,3000
TRX000822,P0022,1,6500,500
TRX000822,P0003,1,18500,0
TRX000822,P0031,2,18500,0
TRX000822,P0058,1,72500,0
TRX000822,P0032,1,23500,0
TRX000823,P0059,1,60500,0
TRX000824,P0052,1,130500,0
TRX000824,P0048,1,90000,0
TRX000824,P0030,1,9000,0
TRX000824,P0006,1,16500,0
TRX000824,P0007,1,14000,0
TRX000824,P0009,1,23000,3500
TRX000825,P0019,1,24000,0
TRX000825,P0005,1,19500,1000
TRX000825,P0006,5,16500,0
TRX000825,P0056,1,48500,7500
TRX000825,P0045,1,177000,0
TRX000826,P0025,1,30500,0
TRX000826,P0010,1,43500,0
TRX000826,P0001,2,3500,0
TRX000827,P0036,2,31000,0
TRX000827,P0006,4,16500,0
TRX000828,P0069,1,33000,0
TRX000828,P0002,2,74000,0
TRX000828,P0027,3,26000,0
TRX000828,P0016,1,18500,0
TRX000829,P0001,1,3500,0
TRX000829,P0007,1,14500,0
TRX000829,P0016,2,18500,0
TRX000829,P0005,1,20000,0
TRX000829,P0019,2,25000,0
TRX000829,P0050,1,77500,0
TRX000829,P0020,2,9000,0
TRX000830,P0028,4,18000,0
TRX000830,P0004,1,28000,0
TRX000830,P0033,2,21000,0
TRX000830,P0020,4,8500,0
TRX000830,P0066,1,36500,0
TRX000831,P0018,1,9000,0
TRX000831,P0001,1,3500,0
TRX000831,P0019,1,24000,0
TRX000831,P0003,1,18500,0
TRX000832,P0051,1,79000,0
TRX000832,P0032,1,23500,0
TRX000832,P0026,1,34000,0
TRX000832,P0054,1,65000,6500
TRX000832,P0002,2,72000,0
TRX000833,P0077,3,22500,0
TRX000833,P0019,1,24500,0
TRX000833,P0012,5,6500,0
TRX000833,P0031,2,19000,0
TRX000833,P0014,1,21500,0
TRX000834,P0010,1,43500,4500
TRX000834,P0078,1,18000,0
TRX000834,P0049,1,36000,0
TRX000834,P0020,1,9000,0
TRX000835,P0040,1,24500,1000
TRX000835,P0015,1,33000,0
TRX000835,P0008,1,13000,0
TRX000836,P0040,1,25000,0
TRX000836,P0025,2,30500,0
TRX000836,P0075,3,11500,1500
TRX000836,P0062,1,80500,0
TRX000836,P0009,2,24000,0
TRX000837,P0049,1,36000,0
TRX000837,P0010,1,43500,0
TRX000837,P0025,1,30500,0
TRX000838,P0020,4,8500,5000
TRX000838,P0009,3,23000,7000
TRX000838,P0027,3,25000,0
TRX000838,P0026,3,34000,0
TRX000838,P0050,1,75000,0
TRX000838,P0062,1,78000,8000
TRX000838,P0017,1,7500,1000
TRX000839,P0026,1,34000,0
TRX000839,P0046,1,65000,0
TRX000839,P0004,1,27500,0
TRX000840,P0010,1,42000,0
TRX000840,P0019,1,24000,0
TRX000840,P0004,2,27500,0
TRX000841,P0050,2,77000,7500
TRX000841,P0006,1,17000,0
TRX000841,P0053,1,46000,0
TRX000841,P0040,1,24500,0
TRX000842,P0026,1,34000,0
TRX000842,P0012,2,6500,0
TRX000842,P0072,3,18000,0
TRX000843,P0040,1,24000,2500
TRX000843,P0004,2,28000,0
TRX000843,P0005,1,19500,0
TRX000843,P0019,1,24000,0
TRX000843,P0014,1,21000,3000
TRX000843,P0003,1,18500,0
TRX000843,P0015,2,32500,0
TRX000844,P0002,1,74500,0
TRX000844,P0019,1,25000,0
TRX000844,P0036,1,32000,0
TRX000844,P0004,3,28500,4500
TRX000844,P0012,1,6500,0
TRX000845,P0004,1,27500,0
TRX000845,P0017,1,7500,0
TRX000845,P0039,1,27000,0
TRX000845,P0032,1,23500,3500
TRX000845,P0019,3,24000,7000
TRX000846,P0017,2,7500,1500
TRX000846,P0016,2,18000,2000
TRX000846,P0040,1,24000,0
TRX000846,P0067,1,27500,0
TRX000846,P0003,1,18500,0
TRX000846,P0080,1,14500,0
TRX000846,P0076,5,16000,0
TRX000847,P0023,2,16000,0
TRX000847,P0042,2,101500,0
TRX000848,P0009,1,23000,0
TRX000848,P0037,1,28000,0
TRX000848,P0026,1,34000,5000
TRX000848,P0050,1,75000,0
TRX000848,P0033,1,21000,2000
TRX000849,P0061,1,53500,0
TRX000849,P0077,1,22500,0
TRX000849,P0070,1,15500,0
TRX000849,P0048,1,91500,0
TRX000849,P0076,1,16500,0
TRX000850,P0020,2,8500,2500
TRX000850,P0003,1,18500,0
TRX000850,P0060,1,25000,0
TRX000850,P0016,1,18000,0
TRX000851,P0062,1,78000,0
TRX000851,P0023,1,15500,0
TRX000851,P0019,1,24000,0
TRX000851,P0071,1,12000,0
TRX000851,P0009,4,23000,0
TRX000852,P0022,2,6500,2000
TRX000852,P0024,1,12500,0
TRX000852,P0062,1,80000,8000
TRX000853,P0008,1,12500,0
TRX000853,P0007,2,14000,0
TRX000853,P0040,2,24000,0
TRX000853,P0019,2,24000,0
TRX000853,P0046,1,65500,0
TRX000853,P0011,3,4000,0
TRX000854,P0008,3,12500,2000
TRX000854,P0007,5,14000,0
TRX000854,P0052,2,129000,0
TRX000855,P0062,1,79000,0
TRX000855,P0064,1,22000,0
TRX000855,P0003,1,18500,0
TRX000855,P0016,3,18000,0
TRX000855,P0043,1,187000,0
TRX000856,P0071,1,12000,0
TRX000856,P0012,1,6500,0
TRX000856,P0019,1,24000,0
TRX000856,P0001,3,3500,0
TRX000856,P0054,2,65000,0
TRX000857,P0040,2,24000,5000
TRX000857,P0034,1,16000,0
TRX000857,P0006,1,16500,1500
TRX000857,P0052,1,130500,19500
TRX000857,P0038,1,8500,0
TRX000857,P0008,1,12500,0
TRX000858,P0005,4,19500,0
TRX000858,P0075,2,11000,0
TRX000858,P0079,5,8500,0
TRX000859,P0033,1,21000,0
TRX000859,P0068,1,69500,0
TRX000859,P0078,1,17500,0
TRX000859,P0012,5,6500,0
TRX000859,P0018,1,9000,0
TRX000860,P0022,3,6500,0
TRX000860,P0003,1,18500,0
TRX000860,P0038,1,8500,0
TRX000861,P0016,1,18000,2000
TRX000861,P0030,1,9000,0
TRX000861,P0056,1,48500,0
TRX000861,P0009,1,23000,0
TRX000861,P0067,1,27500,1500
TRX000862,P0015,1,32000,0
TRX000862,P0056,1,48000,0
TRX000862,P0075,1,11000,1500
TRX000862,P0013,3,28500,0
TRX000863,P0013,2,29000,0
TRX000863,P0005,1,20000,0
TRX000863,P0053,1,46000,0
TRX000864,P0001,1,3500,0
TRX000864,P0015,1,33000,3500
TRX000864,P0006,2,17000,0
TRX000865,P0040,2,24000,0
TRX000865,P0013,2,28500,0
TRX000865,P0079,1,8500,0
TRX000865,P0044,1,125000,19000
TRX000865,P0016,4,18000,3500
TRX000866,P0056,1,48000,0
TRX000866,P0009,3,23000,0
TRX000866,P0013,5,28500,7000
TRX000866,P0030,1,9000,0
TRX000867,P0070,1,15500,0
TRX000867,P0027,1,26000,0
TRX000867,P0071,1,12500,0
TRX000867,P0046,1,67000,6500
TRX000867,P0007,2,14500,0
TRX000867,P0003,4,19000,0
TRX000868,P0051,1,81500,0
TRX000868,P0005,1,20000,0
TRX000868,P0015,1,33000,3500
TRX000868,P0006,1,17000,0
TRX000869,P0004,1,27500,1500
TRX000869,P0014,1,21000,0
TRX000869,P0037,1,28000,1500
TRX000869,P0027,1,25000,4000
TRX000870,P0028,3,18500,0
TRX000870,P0064,1,23000,0
TRX000870,P0040,1,25000,0
TRX000871,P0052,1,129000,0
TRX000871,P0045,1,175000,0
TRX000871,P0006,1,16500,0
TRX000872,P0021,1,28500,0
TRX000872,P0001,2,3500,0
TRX000872,P0011,1,4000,0
TRX000872,P0043,1,190500,0
TRX000872,P0079,2,9000,0
TRX000873,P0008,2,12500,1000
TRX000873,P0054,1,65000,0
TRX000873,P0033,1,21000,0
TRX000873,P0076,4,16000,0
TRX000873,P0018,1,9000,1500
TRX000874,P0022,1,6500,0
TRX000875,P0027,1,26000,0
TRX000876,P0042,3,98000,0
TRX000876,P0077,4,22000,0
TRX000876,P0007,4,14000,0
TRX000876,P0048,1,89000,0
TRX000876,P0027,1,25000,0
TRX000876,P0005,1,19500,0
TRX000877,P0054,1,65500,0
TRX000878,P0030,1,9000,0
TRX000878,P0035,1,15000,0
TRX000878,P0062,2,80000,24000
TRX000878,P0021,2,28000,0
TRX000878,P0010,3,43000,0
TRX000878,P0077,2,22500,2000
TRX000879,P0020,2,8500,0
TRX000879,P0075,1,11000,1500
TRX000879,P0002,1,72500,0
TRX000879,P0039,1,27500,0
TRX000880,P0012,3,6500,0
TRX000880,P0003,5,19000,0
TRX000880,P0075,4,11500,0
TRX000880,P0032,1,24500,0
TRX000880,P0073,5,15500,0
TRX000881,P0032,1,23500,0
TRX000881,P0035,1,14500,0
TRX000881,P0053,1,45000,0
TRX000882,P0035,2,15000,0
TRX000882,P0080,1,15000,0
TRX000882,P0042,2,101500,30500
TRX000882,P0061,1,54000,0
TRX000883,P0008,1,13000,0
TRX000884,P0014,3,21500,0
TRX000884,P0028,2,18500,3500
TRX000884,P0012,1,6500,0
TRX000884,P0058,1,74500,0
TRX000884,P0053,2,46500,0
TRX000885,P0007,4,14000,0
TRX000885,P0017,3,7500,0
TRX000885,P0001,1,3500,0
TRX000885,P0011,1,4000,0
TRX000886,P0016,1,18000,0
TRX000886,P0060,3,25000,0
TRX000886,P0019,3,24000,0
TRX000887,P0009,1,23500,0
TRX000887,P0002,1,74000,0
TRX000887,P0035,1,15000,0
TRX000887,P0024,5,12500,0
TRX000888,P0014,1,21500,0
TRX000888,P0058,1,74000,0
TRX000888,P0037,1,28500,0
TRX000888,P0035,1,15000,0
TRX000889,P0004,1,28000,0
TRX000889,P0044,1,128000,6500
TRX000889,P0011,2,4000,0
TRX000890,P0016,1,18000,0
TRX000890,P0015,1,32000,0
TRX000891,P0048,1,91500,0
TRX000891,P0062,2,80500,0
TRX000891,P0033,1,21500,0
TRX000891,P0056,1,49500,0
TRX000892,P0044,1,128000,0
TRX000892,P0009,3,23500,0
TRX000892,P0006,1,17000,0
TRX000892,P0023,1,16000,0
TRX000892,P0075,3,11500,0
TRX000893,P0015,1,33000,0
TRX000894,P0078,2,17500,0
TRX000894,P0004,2,28000,5500
TRX000894,P0032,1,23500,0
TRX000894,P0071,1,12000,0
TRX000895,P0019,4,24000,0
TRX000895,P0008,2,12500,0
TRX000895,P0012,2,6500,0
TRX000895,P0052,1,130500,0
TRX000896,P0056,2,48000,0
TRX000896,P0001,1,3500,0
TRX000896,P0026,1,34000,0
TRX000896,P0040,1,24000,2500
TRX000896,P0065,1,24000,0
TRX000896,P0050,1,75000,0
TRX000897,P0036,1,32000,0
TRX000897,P0033,2,21500,6500
TRX000897,P0018,3,9500,0
TRX000897,P0013,2,29500,0
TRX000898,P0077,1,22000,3500
TRX000898,P0002,3,72500,32500
TRX000898,P0071,1,12000,0
TRX000898,P0030,2,9000,0
TRX000899,P0062,1,80500,0
TRX000899,P0023,1,16000,0
TRX000900,P0015,1,32500,0
TRX000901,P0018,1,9000,0
TRX000901,P0012,1,6500,0
TRX000902,P0036,1,32000,0
TRX000902,P0012,2,6500,0
TRX000902,P0007,4,14500,0
TRX000903,P0078,2,18000,2000
TRX000903,P0029,2,22000,0
TRX000904,P0011,1,4000,0
TRX000904,P0005,1,19500,2000
TRX000904,P0045,1,175000,0
TRX000904,P0036,1,31000,0
TRX000904,P0072,3,18000,0
TRX000905,P0055,2,55000,0
TRX000905,P0018,2,9000,0
TRX000905,P0070,1,15000,0
TRX000905,P0029,3,21500,0
TRX000905,P0057,1,85000,0
TRX000906,P0011,3,4000,0
TRX000906,P0068,3,71000,0
TRX000906,P0076,1,16500,0
TRX000906,P0035,1,15000,0
TRX000906,P0021,2,28500,0
TRX000906,P0013,3,29500,0
TRX000907,P0003,1,19000,0
TRX000907,P0006,1,17000,0
TRX000907,P0047,1,221500,0
TRX000907,P0005,1,20000,0
TRX000908,P0006,1,17000,0
TRX000908,P0031,2,19000,0
TRX000908,P0010,1,43000,0
TRX000909,P0071,4,12000,0
TRX000909,P0040,2,24000,0
TRX000909,P0006,2,16500,0
TRX000909,P0027,5,25000,0
TRX000909,P0004,1,27500,0
TRX000910,P0020,1,8500,0
TRX000910,P0075,1,11000,0
TRX000910,P0060,1,25000,4000
TRX000910,P0034,3,16000,0
TRX000910,P0036,1,31500,0
TRX000910,P0011,4,4000,0
TRX000910,P0001,1,3500,0
TRX000910,P0041,1,45500,0
TRX000911,P0004,1,28000,3000
TRX000911,P0002,2,74000,0
TRX000912,P0076,4,16500,0
TRX000912,P0012,1,6500,0
TRX000912,P0013,3,29500,0
TRX000913,P0029,1,21500,0
TRX000913,P0079,1,8500,0
TRX000913,P0052,1,129000,13000
TRX000913,P0006,5,16500,0
TRX000913,P0045,2,175000,0
TRX000914,P0025,4,30500,0
TRX000914,P0071,2,12500,0
TRX000914,P0026,1,35000,0
TRX000914,P0057,1,87500,0
TRX000914,P0011,3,4000,0
TRX000915,P0020,3,9000,0
TRX000915,P0004,1,28500,0
TRX000915,P0008,1,13000,1500
TRX000915,P0024,1,12500,0
TRX000915,P0063,1,19000,0
TRX000915,P0071,1,12500,0
TRX000915,P0036,1,32000,0
TRX000916,P0018,1,9500,0
TRX000916,P0010,3,43500,13000
TRX000917,P0006,2,16500,0
TRX000918,P0003,1,18500,0
TRX000918,P0048,1,90000,0
TRX000918,P0022,1,6500,0
TRX000918,P0021,2,28000,0
TRX000919,P0060,1,26000,0
TRX000919,P0071,1,12500,0
TRX000919,P0023,1,16000,0
TRX000919,P0008,1,13000,0
TRX000919,P0072,2,18500,0
TRX000920,P0004,1,28000,0
TRX000920,P0028,2,18000,0
TRX000920,P0026,1,34500,1500
TRX000920,P0008,1,12500,0
TRX000920,P0069,1,32500,0
TRX000920,P0020,1,8500,0
TRX000921,P0036,1,32000,0
TRX000921,P0041,1,46000,7000
TRX000921,P0051,1,81000,0
TRX000922,P0003,1,19000,0
TRX000922,P0058,1,74000,0
TRX000922,P0030,4,9000,0
TRX000922,P0004,1,28000,0
TRX000922,P0025,1,30000,0
TRX000922,P0029,1,22000,0
TRX000923,P0004,1,28500,0
TRX000924,P0032,1,23500,0
TRX000925,P0001,1,3500,0
TRX000925,P0007,4,14000,8500
TRX000925,P0034,1,16000,0
TRX000925,P0055,3,55000,0
TRX000926,P0018,4,9000,0
TRX000926,P0040,1,24000,0
TRX000926,P0042,1,99000,5000
TRX000926,P0019,1,24000,0
TRX000927,P0002,1,72000,0
TRX000927,P0003,1,18500,0
TRX000927,P0048,1,89000,0
TRX000927,P0027,2,25000,0
TRX000927,P0011,3,4000,0
TRX000928,P0030,1,9500,0
TRX000929,P0075,2,11000,0
TRX000929,P0005,1,19500,0
TRX000929,P0021,2,27500,0
TRX000929,P0017,4,7500,1500
TRX000930,P0028,1,18500,0
TRX000930,P0014,1,21500,2000
TRX000931,P0026,1,34500,0
TRX000931,P0008,1,12500,0
TRX000931,P0011,4,4000,0
TRX000931,P0001,2,3500,0
TRX000932,P0078,1,18000,0
TRX000932,P0040,1,25000,4000
TRX000932,P0026,1,35000,0
TRX000933,P0036,2,32000,6500
TRX000933,P0038,2,8500,0
TRX000933,P0016,1,18500,3000
TRX000933,P0059,1,60500,0
TRX000933,P0035,2,15000,0
TRX000933,P0001,1,3500,0
TRX000934,P0002,1,74000,3500
TRX000935,P0026,1,34000,0
TRX000935,P0040,1,24000,0
TRX000935,P0071,1,12000,0
TRX000935,P0030,3,9000,0
TRX000936,P0029,1,21500,0
TRX000937,P0064,1,22000,0
TRX000937,P0049,1,35000,0
TRX000937,P0002,2,72000,0
TRX000937,P0069,3,32000,0
TRX000938,P0024,2,12000,0
TRX000938,P0008,3,12500,0
TRX000938,P0028,1,18000,0
TRX000939,P0032,1,24000,0
TRX000939,P0062,2,80000,0
TRX000940,P0002,1,74000,0
TRX000940,P0070,1,15500,0
TRX000941,P0009,4,23000,0
TRX000941,P0007,1,14000,0
TRX000942,P0080,1,14500,0
TRX000942,P0020,2,8500,0
TRX000942,P0066,1,36500,0
TRX000942,P0032,1,23500,0
TRX000943,P0015,3,32000,0
TRX000943,P0002,1,72000,0
TRX000943,P0078,1,17500,0
TRX000944,P0038,1,8500,0
TRX000944,P0079,1,8500,0
TRX000944,P0053,1,45000,0
TRX000944,P0016,1,18000,0
TRX000945,P0048,1,91500,0
TRX000945,P0036,1,32000,0
TRX000945,P0067,1,28000,0
TRX000945,P0018,1,9500,0
TRX000946,P0019,1,24000,1000
TRX000946,P0005,3,19500,0
TRX000946,P0072,2,18000,0
TRX000947,P0033,1,21000,0
TRX000947,P0074,2,7000,500
TRX000947,P0045,1,175000,0
TRX000948,P0066,2,37500,0
TRX000948,P0031,1,19000,0
TRX000948,P0009,1,24000,0
TRX000948,P0025,2,30500,0
TRX000948,P0001,1,3500,0
TRX000949,P0018,2,9000,0
TRX000949,P0020,1,8500,0
TRX000949,P0015,1,33000,0
TRX000950,P0014,3,21000,0
TRX000951,P0015,3,32500,0
TRX000951,P0013,2,29000,0
TRX000951,P0066,1,36500,0
TRX000952,P0058,1,74500,0
TRX000952,P0018,3,9500,0
TRX000952,P0039,1,28000,4000
TRX000952,P0070,1,15500,2500
TRX000952,P0065,1,25000,0
TRX000953,P0014,1,21000,0
TRX000953,P0071,1,12000,0
TRX000953,P0038,1,8500,0
TRX000953,P0004,2,28000,0
TRX000953,P0036,1,31500,0
TRX000953,P0025,1,30000,0
TRX000954,P0004,1,27500,0
TRX000954,P0014,1,21000,0
TRX000954,P0054,1,65000,0
TRX000955,P0022,2,6500,0
TRX000955,P0062,2,78000,0
TRX000955,P0068,1,69000,0
TRX000955,P0006,1,16500,0
TRX000955,P0034,1,16000,0
TRX000955,P0007,1,14000,0
TRX000956,P0037,1,28500,0
TRX000956,P0049,2,35500,0
TRX000957,P0011,2,4000,0
TRX000957,P0017,1,7500,0
TRX000957,P0073,1,15000,0
TRX000957,P0079,1,8500,0
TRX000957,P0013,1,29000,0
TRX000958,P0019,2,25000,0
TRX000958,P0009,2,24000,0
TRX000958,P0062,3,80500,0
TRX000959,P0051,1,79000,0
TRX000959,P0005,2,19500,0
TRX000959,P0008,1,12500,500
TRX000959,P0039,1,27000,0
TRX000959,P0046,1,65000,0
TRX000960,P0021,4,27500,5500
TRX000960,P0015,3,32000,0
TRX000960,P0057,1,85000,0
TRX000961,P0017,2,7500,0
TRX000961,P0008,1,12500,0
TRX000962,P0074,3,7000,0
TRX000962,P0034,1,16500,0
TRX000963,P0051,2,81000,0
TRX000963,P0011,1,4000,0
TRX000963,P0010,1,43000,0
TRX000964,P0068,1,69000,0
TRX000964,P0012,1,6500,0
TRX000964,P0008,4,12500,0
TRX000964,P0045,2,175000,0
TRX000965,P0010,2,43500,0
TRX000965,P0054,1,67000,0
TRX000965,P0031,1,19000,0
TRX000965,P0027,5,26000,19500
TRX000966,P0042,1,98000,0
TRX000966,P0069,1,32000,0
TRX000966,P0076,1,16000,0
TRX000966,P0025,1,29500,0
TRX000966,P0032,1,23500,0
TRX000966,P0040,1,24000,1000
TRX000967,P0080,1,14500,0
TRX000967,P0009,1,23000,0
TRX000967,P0064,1,22000,0
TRX000968,P0023,2,15500,0
TRX000968,P0041,1,45000,0
TRX000968,P0065,3,24000,0
TRX000968,P0039,1,27000,2500
TRX000968,P0012,2,6500,0
TRX000968,P0028,1,18000,0
TRX000969,P0009,2,23000,0
TRX000969,P0019,1,24000,0
TRX000969,P0063,1,18500,0
TRX000969,P0015,4,32000,0
TRX000970,P0008,1,13000,0
TRX000970,P0062,1,80000,0
TRX000970,P0005,1,20000,1000
TRX000970,P0013,3,29000,0
TRX000971,P0018,1,9000,0
TRX000971,P0010,1,43000,2000
TRX000971,P0020,2,8500,0
TRX000971,P0021,1,28000,0
TRX000971,P0047,1,220500,0
TRX000972,P0021,3,27500,12500
TRX000972,P0022,4,6500,0
TRX000972,P0068,1,69000,0
TRX000972,P0005,1,19500,0
TRX000972,P0009,2,23000,0
TRX000972,P0012,1,6500,0
TRX000973,P0016,1,18000,0
TRX000973,P0049,2,35000,0
TRX000973,P0046,1,65000,0
TRX000973,P0057,1,85000,0
TRX000973,P0030,1,9000,0
TRX000973,P0039,1,27000,0
TRX000974,P0063,1,18500,0
TRX000974,P0047,1,215000,0
TRX000975,P0030,5,9000,0
TRX000975,P0080,3,14500,0
TRX000976,P0020,1,8500,0
TRX000976,P0018,1,9000,0
TRX000976,P0076,1,16000,0
TRX000977,P0022,1,6500,1000
TRX000977,P0008,1,12500,0
TRX000977,P0020,2,8500,0
TRX000977,P0010,3,42500,0
TRX000977,P0014,1,21000,2000
TRX000978,P0013,2,29000,6000
TRX000979,P0071,2,12500,0
TRX000979,P0018,1,9500,0
TRX000979,P0076,1,16500,0
TRX000980,P0002,3,74000,0
TRX000980,P0071,2,12500,0
TRX000980,P0048,1,91500,0
TRX000980,P0066,1,37000,0
TRX000981,P0017,1,7500,0
TRX000981,P0048,1,91500,0
TRX000981,P0034,2,16500,0
TRX000981,P0012,1,6500,0
TRX000982,P0019,3,24500,0
TRX000982,P0016,1,18500,3000
TRX000983,P0014,5,21500,0
TRX000983,P0016,1,18500,3000
TRX000983,P0002,1,74000,0
TRX000983,P0080,1,15000,1500
TRX000984,P0013,2,29500,0
TRX000984,P0018,1,9500,0
TRX000984,P0053,1,46500,0
TRX000984,P0056,1,49500,5000
TRX000984,P0002,1,74000,0
TRX000985,P0027,1,25000,0
TRX000985,P0032,1,23500,3500
TRX000985,P0025,1,30000,0
TRX000986,P0018,3,9000,0
TRX000986,P0036,3,32000,0
TRX000986,P0006,2,17000,0
TRX000986,P0001,3,3500,0
TRX000986,P0002,5,74000,0
TRX000987,P0004,1,27500,0
TRX000987,P0014,1,21000,0
TRX000987,P0070,1,15000,0
TRX000987,P0065,1,24000,0
TRX000988,P0005,1,20000,0
TRX000988,P0060,3,25500,0
TRX000988,P0030,1,9000,0
TRX000989,P0036,1,32000,0
TRX000989,P0080,1,15000,0
TRX000989,P0019,1,24500,0
TRX000990,P0055,1,56500,0
TRX000990,P0006,2,17000,0
TRX000990,P0017,1,7500,0
TRX000990,P0016,3,18500,0
TRX000990,P0003,2,19000,0
TRX000990,P0070,2,15500,0
TRX000991,P0011,1,4000,0
TRX000991,P0066,1,36000,0
TRX000991,P0006,3,16500,0
TRX000991,P0075,1,11000,0
TRX000991,P0005,2,19500,0
TRX000992,P0015,3,32000,0
TRX000992,P0012,2,6500,2000
TRX000992,P0042,1,98000,0
TRX000992,P0008,1,12500,0
TRX000993,P0018,1,9000,0
TRX000993,P0012,1,6500,0
TRX000993,P0051,1,81000,0
TRX000994,P0048,1,92000,0
TRX000994,P0022,5,6500,0
TRX000994,P0012,3,6500,0
TRX000994,P0016,1,18500,0
TRX000994,P0001,5,3500,0
TRX000995,P0015,1,32000,0
TRX000995,P0014,1,21000,0
TRX000995,P0046,2,65000,13000
TRX000995,P0055,1,55000,0
TRX000995,P0017,1,7500,1000
TRX000995,P0034,1,16000,0
TRX000995,P0057,1,85000,0
TRX000995,P0022,3,6500,0
TRX000996,P0035,1,15000,0
TRX000996,P0055,1,56500,0
TRX000997,P0035,1,14500,2000
TRX000997,P0032,1,23500,0
TRX000997,P0015,1,32000,0
TRX000997,P0063,1,18500,0
TRX000997,P0059,1,59000,9000
TRX000997,P0013,1,28500,0
TRX000997,P0079,5,8500,0
TRX000998,P0013,1,28500,0
TRX000998,P0036,2,31000,0
TRX000998,P0026,3,34000,0
TRX000999,P0038,1,8500,0
TRX000999,P0078,1,18000,0
TRX000999,P0004,4,28000,0
TRX000999,P0048,1,91000,9000
TRX001000,P0049,2,35000,0
TRX001000,P0054,1,65000,6500
TRX001000,P0068,1,69000,10500
